Country Name,Country Code,1990,1991,1992,1993,1994,1995,1996,1997,1998,1999,2000,2001,2002,2003,2004,2005,2006,2007,2008,2009,2010,2011,2012,2013,2014,2015,2016,2017,2018,2019,2020,2021,2022,2023
Aruba,ABW,,,,,,2.517766497,2.510121457,2.47702407,2.794028849,3.59922179,4.100963775,4.277072978,4.425833642,4.777505083,5.622020209,6.18729481,6.565660336,6.666022669,6.670840363,4.205989994,2.86046778,4.206093989,1.991637655,3.262643075,3.439352185,3.585278991,3.689024693,3.733753799,3.225018203,2.562433372,,,,
Africa Eastern and Southern,AFE,16.96576613,16.14623902,17.76716799,16.6909821,16.75661544,16.8255105,16.08741199,15.73657584,15.47388559,14.79643137,14.62057017,14.72900578,14.11843553,14.48735868,14.41637557,13.58225349,12.24260884,11.89706232,11.20313002,11.74918189,11.35518277,10.77396199,10.58009158,10.18084198,10.0215254,10.32129334,10.67222583,10.70109231,10.82900721,10.72996542,10.35306264,10.27899513,10.39601139,9.885073628
Afghanistan,AFG,,,,,,,,,,,,,18.82275218,16.92386623,17.55400626,16.59821222,16.3855372,17.74730953,17.8391163,13.14987661,12.52257684,13.77918924,12.48608514,11.49986726,11.47758756,11.420006,4.114196613,3.530422461,6.160177217,7.043181081,7.528114629,8.493156816,10.19026196,
Africa Western and Central,AFW,14.82027167,15.63824287,14.29606147,15.48754864,18.38619447,18.87283655,18.14035293,18.60270032,17.24720548,13.53604816,12.52101769,12.50459555,11.52437822,11.57601862,10.78903304,10.46159927,9.671762966,9.545427457,9.429605806,9.257966923,8.115733477,8.714818282,8.684453373,9.972192757,10.40623984,10.16346497,9.856826035,9.952677248,10.43222233,11.38369864,11.88078375,13.1366168,12.72600118,13.20488945
Angola,AGO,,,,,,3.646280794,3.445749994,4.378391184,6.259370843,3.222875779,2.890163321,3.873100814,3.661825665,3.999814529,4.681938309,3.912883549,3.612815774,3.39949164,3.461736807,5.109421549,4.541774035,4.167804733,4.403289533,4.827342652,4.763071572,5.685144803,6.752680742,6.580549657,6.059469233,6.137446984,7.063042725,6.540512976,7.449350947,8.005340476
Albania,ALB,,,,,,,4.857952081,4.583428909,4.723942959,4.532522983,4.317845806,4.09904002,4.066542833,4.124160074,4.177557018,4.425844014,4.904925321,5.296790979,4.997797675,5.197580984,5.452125407,5.661897674,4.614457714,5.059801356,5.325788985,5.671519417,5.684427418,6.158166884,6.13329356,6.256195102,6.156036162,6.155171233,6.536652879,5.899857034
Andorra,AND,,,,,,,,,,,3.830854431,3.451746698,3.43814817,3.615787889,3.655047886,3.476748213,3.435046622,3.398816388,3.576934384,3.612316813,3.699789802,3.660604015,3.723835042,3.838156155,3.676873663,3.706089854,3.74112486,3.748832726,3.610284486,3.673689514,3.733569332,4.06261117,3.575989783,
Arab World,ARB,9.667573623,11.08189788,11.22320247,11.15336267,11.41416672,12.28074786,12.6556338,12.79028136,13.20329125,12.80178269,12.95322054,11.30102716,11.58884614,11.47597963,10.76942142,9.895553969,9.386643967,9.19025907,8.742607345,9.867179827,9.778459423,9.348185343,9.294988801,9.357555898,9.881042209,10.68207304,10.88974197,10.62222064,10.31661399,10.26069085,11.03155642,11.31456492,11.75110701,11.35408999
United Arab Emirates,ARE,7.493888516,7.423063916,7.583671501,7.843780607,6.587692746,6.772462657,6.637292654,7.895500625,8.631087315,8.557489537,9.072000292,13.31375919,13.06347632,12.26246108,11.51238292,10.60803974,9.656954628,9.025577573,8.600265388,9.195377117,8.475421755,8.14829316,8.085036374,7.925744268,8.115294535,9.175893354,9.327460912,9.381380823,8.925789792,8.867353109,10.29178004,10.0017515,9.725953227,
Argentina,ARG,26.78970455,24.38644909,21.85913156,18.23991153,17.81909171,17.24675211,17.53572329,18.22790575,17.83795848,16.96152506,16.49427194,16.09322588,20.34777391,22.48675059,18.93701362,18.34041594,17.87779386,17.04741545,16.5383661,15.58377727,15.84486081,15.85069839,15.21680091,15.01105426,14.77277855,14.18158545,13.48802597,12.83516834,14.0601434,13.54083907,14.59052951,15.77343813,16.05333198,16.29523576
Armenia,ARM,,,,,,,,,,,,,,,,,,,,,,,9.424758532,9.68257532,9.666405536,9.206171059,10.28464998,10.63112611,11.27191844,11.71149186,12.3449098,11.03159056,11.3052825,11.11309065
American Samoa,ASM,,,,,,,,,,,,,21.2890625,20.61068702,15.52062868,13.6,13.59026369,14.86486486,20,24.14814815,7.155322862,3.684210526,13.90625,14.57680251,11.97511664,13.96731055,13.71087928,10.94771242,13.92801252,12.36476043,15.11789182,8.666666667,,
Antigua and Barbuda,ATG,2.496769751,2.247306537,2.036987403,1.803943138,1.674527743,1.684062432,1.596858639,1.605761375,1.624491174,1.64414045,1.600253343,1.704308042,1.776397464,1.866004032,1.811823048,1.749982999,1.768108695,1.631093879,1.536848213,2.013944542,2.094548525,2.911310812,2.596289898,2.733712433,2.76939111,2.801176731,2.875562197,2.966781242,3.008383618,3.013663343,2.912985837,2.776332253,2.584039279,2.500305137
Australia,AUS,13.78890275,12.56690608,12.57846628,12.87287184,13.20500374,13.11455573,12.7342056,12.29446795,12.46215464,11.93537545,11.55273936,10.97636139,10.54404412,10.85408189,10.8735327,10.32522838,9.880800532,9.27923469,9.193907576,8.447244065,7.988003505,7.365165922,7.046797419,6.6049192,6.364900809,6.29537284,6.083055645,5.799890643,5.773455323,5.595366664,5.620080238,5.519553105,5.392845341,5.388743212
Austria,AUT,19.58111475,19.17173885,18.47963499,17.46020695,17.35652011,17.90587952,17.63220929,17.80353465,17.726769,17.89093266,18.21496707,18.34109299,17.72678281,17.45317461,17.33646035,17.40781847,17.82343621,18.15364762,17.41746573,16.36199564,16.47850074,16.59560906,16.70612337,16.49572937,16.56001525,16.69003646,17.04741463,16.84270767,16.82875171,16.59180315,16.1746066,16.92481978,15.90850486,15.66095118
Azerbaijan,AZE,17.63301501,16.65419162,21.87713948,17.90286624,12.66474513,11.53341457,10.42962746,8.393756135,8.324129512,6.042224047,5.292384646,6.187448265,7.430927835,8.636395438,8.283510351,6.48752246,5.772903308,4.98404471,4.705609759,5.525890763,4.737784057,3.988326101,4.241218624,4.215736826,4.707010697,4.990621552,4.892660678,4.699464584,4.619812216,5.003650963,6.101565073,6.419092907,5.283389825,5.778440801
Burundi,BDI,11.81980421,12.70795383,8.599290936,8.424747763,9.351748292,8.25845974,6.271379704,9.744337923,10.30614795,11.30813911,10.90123278,10.92481796,11.0867341,11.04303804,11.45083317,11.8850166,10.3672036,11.10936178,9.622533997,9.490401363,9.245838979,9.318993014,8.830567739,9.54581996,10.12420983,8.676553788,9.36171645,,,,,,,
Belgium,BEL,,,,,,18.3362939,18.16805585,18.39943062,18.15923392,17.30709231,17.53597445,17.04054213,16.79458705,16.20023741,16.08993608,15.87094598,15.01853751,15.06031828,13.99274072,12.91804147,13.33859852,12.92905935,12.62420868,12.56263999,12.56468619,12.69333388,12.35694408,12.42911753,12.17367734,12.34546443,12.26268915,12.04388369,12.64326378,11.87558246
Benin,BEN,7.376006869,7.160406202,7.941468232,7.426247821,8.05454443,8.077371806,8.275149107,8.468579033,7.987113987,13.16999002,13.98385772,15.63826572,15.64299615,15.74663839,14.80842935,15.67081858,15.43835004,13.7419113,12.24997876,12.21912052,11.73988533,11.73357014,10.71215569,10.9217699,10.38662818,10.03567008,9.93126564,9.62006825,9.162461995,9.86572844,9.687913103,9.479767827,9.823208667,10.06232409
Burkina Faso,BFA,14.74901604,13.37681884,14.4729992,14.22732497,13.44792003,14.12076303,13.36918434,14.35668427,13.80052706,16.18659107,15.35693878,14.94120267,14.85118409,15.5877483,15.14056675,13.34076102,14.04397353,14.33772427,13.01313874,13.54798244,12.13998855,11.61215726,10.34232902,10.16977155,10.99604254,11.66029645,11.12043816,10.25920309,10.52520365,10.41059839,10.03131853,9.971703502,10.93134557,10.69070484
Bangladesh,BGD,13.23921855,13.98712269,14.39746369,15.41253836,15.86945466,15.90000685,14.00264514,14.11978066,14.85983116,14.38909508,14.03531575,14.17835702,14.31743755,14.14546156,14.44207319,14.74399876,15.30756218,15.93407299,16.12436697,16.48018606,16.12122836,15.99673425,15.91422067,16.44201947,16.61270766,16.78867356,20.3479481,20.07506151,20.80229593,21.20794388,20.59833159,21.23567299,21.76481936,22.34201887
Bulgaria,BGR,,,,,,,,,,,,,,,,,,,,,,,,,,,,,,,,,,
Bahrain,BHR,14.70734403,13.93819975,12.24729591,13.50104197,14.14742353,16.75614313,,,,,,,,,,,13.24673495,14.4669591,15.09656264,13.98170618,14.48223504,15.04759704,14.85814419,14.81727591,14.92809337,17.342942,18.09435059,18.53161843,17.61996753,17.62160932,18.29431052,20.54475128,21.4416567,19.83412824
"Bahamas, The",BHS,3.804106128,4.800781702,4.359440335,4.262807245,4.110647438,3.532691747,4.27179274,2.346676437,1.996130668,2.734299253,2.887400065,2.21211542,2.525570984,2.412602352,2.686827258,2.391167321,2.521822518,2.295085673,2.098612958,2.092775367,2.127625855,2.191560457,2.945758127,2.625098598,2.68997002,2.518013348,3.11278746,2.649407111,2.20834192,2.130422089,2.056596574,1.767981071,1.07335343,1.007776267
Bosnia and Herzegovina,BIH,,,,,11.50560362,11.43649852,11.43649964,11.22184186,12.06927902,10.7000739,9.296022749,9.406456129,9.313522924,9.299795234,9.117742539,9.942766707,10.01778722,10.81107321,11.0122791,10.47754043,10.88480804,10.91601273,10.54511041,10.93711679,10.9401954,11.11779147,11.81382652,12.56398233,12.7319524,12.48001425,12.66183933,13.98630115,14.37138391,13.04978916
Belarus,BLR,38.17090069,44.44444444,39.13043478,28.12182741,27.01624234,27.97624441,29.55811905,30.39936755,29.47700029,28.19639637,27.04350873,26.5995854,25.96840651,26.65350282,28.55028225,25.3421468,24.99981077,24.90693694,26.18436746,22.45739183,22.51008707,26.42223633,24.78302798,21.99575511,21.08738009,20.64397731,20.151871,21.62877785,21.25817528,21.63999644,21.4866318,22.75849592,23.99409521,23.00917676
Belize,BLZ,11.51717024,10.48941234,10.30808358,9.876595101,9.86854965,9.872604168,10.15161725,9.869029278,10.35315097,9.938464534,10.43123191,8.954987608,8.488360314,7.994880748,7.979595463,7.946778206,7.847299622,7.655980563,7.454506974,7.811724832,7.351197871,7.021884371,7.520795799,7.419556355,7.099980138,7.296445035,7.146338326,6.974006095,6.518417967,6.493953464,7.056539639,6.825397508,6.66636359,
Bermuda,BMU,,,,,,,,,,,,2.108038537,2.135436403,1.709412938,1.742233544,1.647653229,,,,,0.855449206,0.703756924,0.597959797,0.51712437,0.480075734,0.514175208,0.431063531,0.463659127,0.487269749,0.516039343,0.336380217,0.347157463,0.357525185,
Bolivia,BOL,16.96302628,17.73056686,17.14141034,16.87257566,16.6578935,16.72941711,16.42552525,14.52022558,13.99206426,13.5941304,13.24110584,13.34477192,13.03542179,12.78444761,12.50745462,11.62694489,11.33160286,11.41491615,11.16847386,11.61672571,11.27002247,10.33846377,10.21420878,9.927811227,9.738327963,10.19119085,10.98422154,10.49350844,10.3431515,10.48950354,10.95783365,10.72684987,10.28506192,
Brazil,BRA,22.82812988,21.83906711,23.30859643,26.04973648,23.7212337,14.54227915,13.06719124,13.01862538,12.1551372,12.30853333,13.13465959,13.08953794,12.35696267,14.45076456,15.09953016,14.73828114,14.10894587,14.1542648,13.9551769,13.05946215,12.72185961,11.78379767,10.67594231,10.47961229,10.3370974,10.52093746,10.78645112,10.72149801,10.52845738,10.33250053,10.69293157,11.90437301,13.07408163,13.33187799
Barbados,BRB,10.41265135,9.790846457,8.811957077,8.371084337,7.878437717,7.988338192,7.894404712,7.966169154,7.896223085,7.63011622,7.743095277,7.793419545,7.535812007,8.090045178,7.770358543,7.015316141,7.711694579,6.886124449,7.164707642,7.019127254,5.821462608,6.138579236,5.645144612,5.843478512,5.558218765,5.425791641,5.284892393,5.100339013,4.858367374,4.641266761,5.064095785,4.980636066,5.085807995,
Brunei Darussalam,BRN,11.13511832,12.46632369,12.89535583,12.27283841,12.01576806,13.00399851,12.76066131,14.99901127,13.66413864,13.54676414,15.36311712,15.72556812,15.68413351,15.31572793,13.2873789,12.30760947,10.56359666,10.38112523,13.70778364,13.96936834,14.90712574,16.43386474,16.62244602,16.49819515,16.12829908,14.5277354,11.46061786,12.65818411,14.06632479,13.6022193,15.76985849,18.51438571,22.12375044,18.61780578
Bhutan,BTN,8.029016208,8.855504462,9.165066141,9.215876142,9.508231658,10.75580427,11.70705453,10.22047903,9.553335402,9.055413569,7.609592117,7.818625749,6.931635704,6.679683258,6.706622659,6.594809019,7.058428398,7.560223922,7.799965193,7.577621438,8.044073443,7.57926053,8.097127508,7.621611127,7.523321553,7.423272873,6.912796433,6.909396477,8.747056649,6.131167054,4.929171646,7.224183192,8.727092383,
Botswana,BWA,4.770750175,4.826396512,4.876027389,4.308401383,4.875553146,5.323237407,5.614679582,5.679896114,6.218138708,5.563178689,5.626987325,5.84016042,6.057066481,5.705543083,5.554128172,4.949504722,7.102391339,8.528467094,7.681821076,8.469439529,8.499444492,7.731255714,8.073710842,7.993242275,7.848786645,7.242023885,6.503236311,6.173604206,6.147461526,6.092369912,5.659035942,5.227441721,5.384869896,5.628830502
Central African Republic,CAF,,,,,,,,,,,,,,,,,,,,19.30696633,18.39649783,19.96856112,23.65146879,21.06138825,17.44322761,19.74492116,19.45417359,18.44042004,18.1315381,17.78232111,17.72702657,18.71456683,18.34177215,17.95123789
Canada,CAN,,,,,,,,16.04474608,16.2531272,17.07630688,17.02443713,16.03874062,15.70905941,14.66325348,14.29554309,13.37476162,12.58334035,11.90294487,10.61151209,10.06119641,10.02715411,9.955396173,10.02016741,9.588492358,9.426150824,9.975422544,9.928004135,9.684575788,9.866071588,9.299638696,9.015476513,,,
Central Europe and the Baltics,CEB,,,,,,19.54041265,19.56231574,19.44065737,18.88163688,18.31034801,18.32135097,18.03916339,17.57315905,17.9266415,18.59148357,18.35817393,18.55345922,18.34862537,17.96207842,17.07861073,17.9302079,18.61350912,18.07001145,17.4564026,18.60382259,18.85878384,18.94768464,18.25727591,17.85278343,17.54318753,16.84571763,17.06620906,17.12762796,16.39900708
Switzerland,CHE,19.78793119,19.66236623,19.35072277,19.15167317,19.50603791,18.94876671,18.73642105,18.7785646,18.43881472,18.19566822,17.64133399,18.36673333,18.75788226,18.56511767,18.45910595,18.71843398,19.07712073,19.26382086,19.34810897,17.89915043,17.89632704,18.19448808,17.7313708,17.80054077,17.54952531,17.11865816,17.33221321,17.49101995,17.66674993,17.92353933,17.7873158,19.12265963,18.4049659,18.10646848
Channel Islands,CHI,,,,,,,,,,,,,,,,,,,,,,,,,,,1.086508958,1.008802551,1.011771459,0.965457529,1.044215802,1.139920741,1.017854343,
Chile,CHL,18.51202487,19.07638336,18.98709145,19.27130456,19.23869787,19.34987952,15.22709141,14.8805379,14.41755579,14.68310562,15.19252673,15.93677903,15.78367532,15.19375804,14.22163979,12.81919997,11.68367711,10.64216639,9.974006397,10.26115988,9.88717399,9.909053786,9.82773287,9.985032504,9.920465162,10.39886479,9.705924876,9.160845019,9.604213819,8.969095484,8.996281719,8.52542772,9.473022088,9.206118175
China,CHN,,,,,,,,,,,,,,,31.97506997,32.09392433,32.45232806,32.38335312,32.1194116,31.59623809,31.61282168,32.06479119,31.52857787,30.67100807,30.39644421,28.95167058,28.06944224,28.10893687,27.84101115,26.77472412,26.28516576,27.54710274,27.06653142,26.18060547
Cote d'Ivoire,CIV,17.45050761,16.57763404,16.58318699,15.43232606,14.74179,15.04924517,9.802850067,11.22671049,10.41068183,10.87026398,11.15447113,10.7672585,9.797021793,8.889951221,8.792904827,10.28226527,10.02887861,10.31060928,10.20402365,9.627693495,9.001911196,9.22135575,10.31825153,11.85018556,12.20069981,11.43059902,12.5430343,11.2836181,11.29098434,12.31996843,12.0519434,13.3970815,14.37356078,14.92476029
Cameroon,CMR,14.17621103,14.16681617,13.92983462,16.91058684,16.95158094,16.6691655,16.01316981,15.73851247,15.36409786,15.43274957,14.74026934,14.52944679,15.53069502,15.58054709,15.41079029,15.02614415,15.11457715,15.20996765,14.30569477,14.87929919,14.51997379,15.18908621,15.53277006,15.22873575,14.51402123,14.35005819,13.84153437,13.71294553,13.68501543,12.82578021,13.18098761,13.30203884,13.01072816,13.26180158
"Congo, Dem. Rep.",COD,,0,,,,,8.838558515,6.250000078,5.943002492,5.014597361,9.908318104,19.80768858,21.21679056,18.29840586,17.64150584,16.40353329,15.47259661,17.00603069,14.91703195,18.87568198,16.22164855,15.3588925,15.36134868,15.38523319,15.55441347,17.1286573,18.26439236,19.48703808,18.21351466,19.47791945,18.99122966,17.72089052,17.01581293,17.95150179
"Congo, Rep.",COG,8.346456693,8.937166645,7.895414735,7.985791343,7.75683049,8.132929369,6.701546511,5.458434757,6.955916877,5.4647071,3.47655398,4.51105795,5.320917858,6.024214982,4.980047235,6.413569524,6.195278882,6.468566486,5.596268705,6.776695437,5.312176872,5.242004896,4.257282114,5.920856148,6.059907203,8.367640193,11.46707006,12.37639836,9.207022629,9.569292646,12.85319627,,,
Colombia,COL,18.03330754,17.90812716,16.84221079,15.83214607,14.99697584,14.76150465,14.40920351,13.78880337,14.05131564,13.84937572,13.93270065,14.13719665,14.03292802,14.23745617,14.41341036,15.99104031,15.97860609,16.15426622,15.37370371,14.78007233,13.9670257,13.21760258,13.08928488,12.6623563,12.26931864,12.40089376,12.29777884,11.40959357,11.15185297,10.92665754,10.72750235,11.20041857,11.24663302,10.89167795
Comoros,COM,,,,,,,,,,,,,,,,,,,,,,,,,,,,,,,,,,
Cabo Verde,CPV,12.60799887,12.57788121,13.50404741,9.568054391,13.24288804,12.72924896,13.05601613,11.73484732,12.18075841,10.09617724,9.262925466,7.196860722,7.544178037,7.004680356,6.408194727,6.453460617,5.80760974,3.766625054,3.977775816,4.085746432,4.464006382,4.428820557,4.641300243,4.836280333,5.188416651,4.941930178,5.10374951,4.70095841,4.578178687,4.817970059,5.185022417,5.385699127,4.67450917,4.642227047
Costa Rica,CRI,19.37993822,20.56796505,20.70093998,19.71731342,19.07157614,19.00693564,19.14360396,19.45801468,18.94930102,18.67749417,18.31754321,17.42742442,17.39325228,17.10222913,16.88855156,16.86748938,16.48597917,16.1311206,15.13425501,14.15299869,14.57565076,14.29614148,13.87788824,12.84263349,12.28790197,11.60708171,11.60516482,11.73400161,11.92433064,12.04644495,12.79084649,13.73339614,14.08006116,13.61878752
Caribbean small states,CSS,6.273121543,6.357911656,5.936401427,5.73372151,5.608782405,5.636393023,5.70445524,4.599105832,4.390295241,4.541922223,5.052331547,4.521190464,4.707311318,4.701705992,5.006776047,4.94632619,6.395507315,6.308762119,6.765481146,6.447071554,6.500482664,6.577411686,6.984837991,6.634223198,6.113174092,5.221581793,5.080899416,5.903587007,5.560359352,5.018778783,5.432320483,4.797379276,4.534314991,
Cuba,CUB,7.135125209,7.822713095,8.923775616,8.954687175,10.73361043,11.4475064,17.65213621,18.31079724,16.89945613,16.61471508,16.42281796,16.06948969,15.35553207,14.2340646,13.77614323,13.88952599,13.42192678,14.5102971,14.66229651,14.9806701,15.6308295,15.33990433,16.10314324,15.73339555,15.08751353,14.90873701,13.85020632,13.50047732,12.81290802,12.47926085,11.1969245,10.53505397,10.73434786,
Curacao,CUW,,,,,,,,,,,7.687075882,8.027811261,7.490238778,6.952001325,7.310134482,6.025589312,7.721131958,7.48319649,6.663114693,7.602313197,6.142326731,7.504112928,7.528146468,8.072718456,8.105265955,8.597556757,9.268391015,8.782614533,6.200858868,5.085742919,2.764597858,2.628525009,2.509022714,
Cayman Islands,CYM,,,,,,,,,,,,,,,,,0.782115181,0.824567426,0.828842508,0.822761828,0.758183414,0.754645714,0.782350694,0.793863022,0.826453128,0.831097333,0.859684524,0.849128463,0.89111757,0.903360291,0.916881905,0.994888227,0.965182513,
Cyprus,CYP,14.15659113,14.19972266,13.43581737,12.77368959,12.14835445,9.537174316,9.408272374,9.301222425,8.933761953,8.630085143,8.14938696,7.745847797,7.733646026,7.340458229,7.209166682,6.802585239,6.131199352,5.742788814,5.475393033,5.378267658,5.052985883,4.600551665,4.189968778,3.884792454,4.077487821,4.260123061,4.570518617,4.890401656,5.329803629,5.453951157,5.698649577,5.168301198,5.237318645,5.24681428
Czechia,CZE,,,,21.01449567,21.18943463,21.55971349,22.38249998,23.2437048,22.86341986,22.60043684,23.37751211,23.64711922,22.34593171,21.65781462,22.73611355,22.62386699,23.25532919,23.19853205,21.96610815,20.36294483,20.9596606,22.10695703,21.94380803,21.96339635,23.7144844,23.92167732,24.03109276,23.53332969,22.6748511,22.61708456,21.35212872,21.07874698,20.99135344,21.37844494
Germany,DEU,,24.84676504,23.37679048,21.32161358,20.8047334,20.53868606,20.0593844,20.22889631,20.40984502,19.99461029,20.54597006,20.34116748,19.78991138,19.83957098,20.03385605,20.06974579,20.65976823,20.85415375,20.04955841,17.68335017,19.69521136,20.23300019,20.15644863,19.92519608,20.22439478,20.34789735,20.66187307,20.39033901,20.03883582,19.57925915,18.74376052,18.90923164,18.43840683,18.96119054
Djibouti,DJI,,,,,,,,,,,,,,,,,,,,,,,,1.95812435,2.782301739,2.735558076,2.835573147,3.101527096,3.315832272,3.7029574,4.42515715,5.228201087,,
Dominica,DMA,5.517964182,5.876702171,6.386480157,6.427623243,5.610736751,5.693393235,5.673048899,5.869913333,6.627149602,6.249511582,6.864955518,7.106853193,8.673565799,5.249530714,4.620551924,3.995973523,4.139776782,3.475402343,2.355489811,2.318818629,2.361755904,2.656770922,3.078060342,3.094247064,3.036664864,3.988383482,2.61726935,1.916644771,2.474831095,2.253580838,2.886776653,2.497965609,2.779794184,2.736467737
Denmark,DNK,14.86523508,14.64727609,14.77702506,14.31942623,14.44914708,14.71712153,14.17684246,14.62612149,14.52702323,14.2552354,14.14484978,14.03654837,13.93329255,13.23748034,12.7491453,12.03514944,12.06611493,11.95154943,11.72278863,11.10507217,10.93388403,11.0433164,11.43404439,11.77968841,11.86020064,12.40344481,12.93418569,13.00935793,13.08842059,13.40673475,12.82209094,12.53822951,11.65869088,13.92456498
Dominican Republic,DOM,17.95913603,26.21538143,24.49211523,23.48917099,22.9887776,21.71227463,22.70483567,21.7391349,21.64802908,21.67313716,20.97486043,19.6642972,20.3672058,21.75521083,21.57660311,18.38167881,17.54374752,16.22926797,16.20369278,15.37290127,15.26911725,15.0723772,14.99304492,14.59166491,14.54652718,14.7024479,14.41879788,14.09586544,14.13553432,13.75880291,14.44505942,15.15988999,14.91528357,13.74503
Algeria,DZA,,,,,,,,,,34.47905286,44.98039779,10.3451538,9.261218511,8.640079984,7.861182135,8.061518762,8.115846563,8.460452279,8.82116732,7.87621943,9.370825052,9.733438746,8.55895561,8.020186457,9.877979709,7.110017599,6.898538766,7.334568294,7.0773804,6.403969944,6.282395033,8.188608658,10.25281825,7.775141533
East Asia & Pacific (excluding high income),EAP,,,,,,,,,,,,,,,30.73112994,30.62156925,30.91549791,30.83849947,30.67965608,30.13676223,29.6529484,29.99803019,29.61526432,28.98154203,28.84977828,27.71974071,26.91255536,26.96257532,26.77447348,25.80559402,25.46359583,26.64243728,26.10620485,25.24250752
Early-demographic dividend,EAR,17.9562518,17.9128622,17.68111503,18.06352035,18.08429441,18.38660933,18.50822216,18.96690762,18.64838803,18.0056139,17.9619374,17.35444981,17.4780731,17.14449698,16.91253504,16.52181017,16.83138015,16.4025109,16.16587409,15.92850449,15.61078801,15.46726319,15.46928051,15.21783495,15.31793182,16.87961296,16.74115547,16.70532188,16.84874421,16.45177784,16.78415387,17.25867499,17.14755005,16.85578848
East Asia & Pacific,EAS,,,,,,,,,,,,,,,23.41260483,23.65227034,24.02528991,24.49073699,24.36159214,23.55534181,24.26860824,24.18606143,24.12292915,24.11859241,24.44789876,24.22310008,23.7261302,23.91546438,23.93413925,23.16149225,23.05351754,24.18911573,23.60901958,22.75269317
Europe & Central Asia (excluding high income),ECA,27.01859852,27.66342414,28.40986522,23.27899767,24.47801437,24.35712317,22.32033893,22.11982039,22.70014081,20.92790061,19.12657334,18.19480273,17.73389925,17.99576275,17.94529667,17.7728397,17.63080741,17.23527204,16.3916434,14.88155665,14.62564612,15.22969962,14.79468486,14.842497,15.20493057,15.3248744,15.63575224,16.19435402,16.77350055,16.20320312,16.81587749,18.51340584,18.27960738,16.79905072
Europe & Central Asia,ECS,,18.88049668,18.50416845,17.6568816,17.79644262,17.76231637,17.35868119,17.26913009,17.45939324,17.09060924,16.81246933,16.36770537,15.94426019,15.56725388,15.33506149,15.07201423,14.97091125,14.92341978,14.55026888,13.30382275,13.74729072,13.83794109,13.56701007,13.49144924,13.67899006,14.14194272,14.24119338,14.26098999,14.22331169,14.05397016,13.9971789,14.13996265,14.11487693,14.08717076
Ecuador,ECU,22.33093507,23.63888285,25.81240088,22.3930079,22.84245553,22.16456978,21.92432471,20.42037345,19.92601448,21.26793631,23.93930984,20.42725717,18.87632074,17.31606001,15.91869992,14.70379653,14.04837153,14.11745837,13.6931926,14.30676786,13.4157105,12.85015032,12.59967738,12.26118054,13.13510004,14.29973172,14.59265884,13.93165238,13.36630791,12.67848496,12.94181288,13.15055589,12.94472044,12.4461144
"Egypt, Arab Rep.",EGY,16.97494739,16.01777751,15.62185478,15.73453608,16.01714286,16.33823529,16.53705318,16.31553215,16.97912317,17.95351105,17.99797118,17.69807639,18.49675376,17.30383234,17.23696682,16.70954503,15.97756192,15.36992481,15.52236739,15.78615429,16.10227084,15.76719422,16.16546656,16.60837992,16.77444637,16.69744491,16.84132693,16.59352066,16.35088958,15.98829899,16.38045599,15.4852839,15.9705323,15.06390984
Euro area,EMU,,19.73558852,19.036622,18.22239557,18.01127855,17.99802363,17.58314728,17.63785929,17.66199465,17.29691231,17.41574373,17.13268774,16.65999409,16.20924546,15.98920894,15.70521289,15.63173427,15.66505675,15.05803847,13.633727,14.26922985,14.52837032,14.36800539,14.28872033,14.47261041,15.08823321,15.17404418,15.12662805,15.00326479,14.79701994,14.58934237,14.8149333,14.99025467,14.97080149
Eritrea,ERI,,,7.380985046,7.831276057,6.964460186,8.123158435,8.6195164,9.59402427,8.587062851,9.171192024,9.30749871,8.931812254,9.113936833,9.099783356,8.580164513,6.828078795,5.984778258,5.463345188,6.523910093,5.492755114,,,,,,,,,,,,,,
Spain,ESP,,,,,,16.26724969,16.34781471,16.65883513,16.55254652,16.29968962,16.23259052,15.83254041,15.24097061,14.70484852,14.1706722,13.70917565,13.33521946,12.89911384,12.69552004,11.58976287,11.39759245,11.49861388,11.12487198,11.18698668,11.30322446,11.29402685,11.26496294,11.32799193,11.02687275,10.91381623,10.99105459,11.30574577,11.40482941,11.48808152
Estonia,EST,,,,,,16.98041471,16.3168178,16.53460899,14.8435691,14.48756513,15.46717285,16.05029233,15.6718116,15.74685405,14.92020575,14.66701401,14.46820051,13.87000594,13.74494646,12.29007004,13.74897794,14.60893807,14.00864848,13.73494087,14.18209272,13.90593117,13.8864976,13.61097398,13.47182743,13.12043042,12.84797734,13.26162697,13.19464513,12.7109709
Ethiopia,ETH,4.512588069,3.142602235,3.037716485,3.850162304,4.169584595,4.767187976,5.085479804,7.123356738,5.128905344,5.594196085,5.60524515,5.776228139,5.766490583,5.770037501,5.350705611,4.842961246,4.637738366,4.579682468,4.108135336,3.880255796,3.97390612,3.682551396,3.420060719,3.702189003,3.991325246,4.404619139,5.69139881,6.186588505,5.827616845,5.594368896,5.303280868,4.605688704,4.241062447,4.479422155
European Union,EUU,,19.74575881,19.02960263,18.18913148,18.05529051,18.07623557,17.68643001,17.75547062,17.76170862,17.39305427,17.50795513,17.18953639,16.73190492,16.31380318,16.12313839,15.84861011,15.81354931,15.85169055,15.26445903,13.87204501,14.512989,14.79478189,14.58868432,14.45763609,14.70534529,15.30122429,15.38536104,15.29148873,15.15814553,14.9544043,14.68045331,14.91346586,15.07439215,15.02323138
Fragile and conflict affected situations,FCS,,,,,,,,,,,,,,,,,,,,,,,,,,,,,,,,,,
Finland,FIN,19.50988907,17.15900068,18.10525819,19.83362113,20.99086491,22.23259495,21.39337598,21.65837898,22.9103375,22.82690914,24.15018836,23.60193047,22.86747572,21.94742634,21.54285138,21.21539648,21.81067341,22.12998204,20.78912825,16.66877583,16.96900762,16.26077031,14.46052219,14.50462752,14.45501868,14.68458027,14.56569112,15.20099337,14.59423803,14.41227726,14.26326889,14.65667188,15.60628645,14.97919856
Fiji,FJI,11.9195101,12.32527914,11.68236801,12.57537364,12.77897198,11.93157458,11.45889127,12.62924178,12.90911859,11.54400776,12.27321334,13.69109516,12.95096279,11.72443364,12.7568345,12.21519246,12.75797172,12.10973512,12.15567561,12.30291029,12.31043606,11.92467009,11.56227143,11.5664407,10.65411419,10.49615987,10.93181017,10.44613155,10.38758014,10.37652319,11.06470988,11.40273578,10.00507363,9.227780613
France,FRA,16.20726575,15.91757847,15.59298416,15.06454231,14.69487663,14.88295316,14.4765569,14.6741472,14.66680869,14.44340788,14.47755794,14.03042517,13.58509008,13.09391378,12.68471772,12.24929993,11.7271803,11.62968228,11.10455837,10.58989208,10.32712554,10.395998,10.36157533,10.35434248,10.280426,10.43366363,10.28302305,10.13628516,9.971751436,10.00781495,9.454524746,9.03602468,9.543812796,9.715422211
Faroe Islands,FRO,,,,,,,,,6.944763397,7.260709292,6.579252458,7.654788903,7.354095266,6.803917407,6.346533504,5.669477874,5.422254078,5.093105263,5.08362416,5.462713971,5.38957771,5.267383257,5.435470678,4.919085283,6.071000563,6.383900214,5.318351269,6.171672511,5.616643821,6.668257954,6.858224621,7.1449708,6.929414243,
"Micronesia, Fed. Sts.",FSM,,,,,,1.360440446,1.155148359,1.403548338,1.502240339,1.425544141,1.590376548,1.852256849,1.747422451,1.607689923,1.370527315,0.531440747,0.356588004,0.369216223,0.399171408,0.410190214,0.420786269,0.429230046,0.396273538,0.363350466,0.366616218,0.41884433,0.557138462,0.52810585,0.492372449,0.488147208,0.495134409,0.50925641,0.492209302,0.492217391
Gabon,GAB,5.584351475,6.172414268,6.19485766,6.291970421,4.731037062,4.524886878,4.061384235,4.39677077,5.610586011,4.726576106,3.724848955,2.541160328,2.674539273,2.667338588,2.781723242,12.92979084,11.46783873,12.7816305,14.22278354,19.02437307,17.08046111,19.15280075,16.50140564,17.16241396,17.39340587,16.68703304,17.45600677,17.62241867,18.94155761,18.80256883,18.42941535,23.58710377,23.12435943,21.59712511
United Kingdom,GBR,16.48603609,16.0863945,15.87087061,15.51067096,16.22474061,15.33788424,15.13539115,14.9485266,14.39067162,13.79173504,13.27665087,12.47645347,12.11543352,11.56235149,10.94979197,10.51425238,10.07589478,9.671981184,9.590926205,9.071979504,9.445321354,9.329359614,9.34636156,9.593675847,9.410667517,9.294784996,9.109856425,9.054243926,8.952406352,8.796864347,8.964552381,8.653115764,8.371412233,8.504807631
Georgia,GEO,,,,,,,16.89543751,15.15071681,13.25939348,12.76659552,12.24537075,12.23104585,12.80445279,13.03230929,12.2217359,12.0945882,11.11828222,10.94811049,10.44304295,9.928277549,9.071429861,9.451541055,9.544907696,9.22261068,9.210553244,9.238687912,7.78368506,8.770753507,9.057120818,8.825634879,9.428180923,9.916045715,9.723255696,8.255286369
Ghana,GHA,9.762852908,9.271897473,9.331061856,9.382505617,9.106628242,9.326986338,8.634146772,9.051681381,8.987627197,9.024383133,9.016849277,9.002986549,9.027260448,8.975523635,8.741998633,8.655388399,9.541016599,8.596404815,7.544118186,6.772090634,6.388658627,6.423765859,5.660586499,11.58854746,11.01994883,11.09829956,10.82042459,10.15222309,10.12013334,10.16121873,10.95305585,10.88542554,11.48443203,11.22617432
Gibraltar,GIB,,,,,,,,,,,,,,,,,,,,,,,,,,,,,,,,,,
Guinea,GIN,3.243804395,2.684292521,3.085777875,3.157852337,3.093873902,2.628997838,2.532794699,2.376837716,2.516376389,2.636754057,2.589302537,2.589919143,2.596791621,4.065621413,3.8856338,4.172621608,11.38061497,11.43786019,12.67171938,12.56367069,10.63328705,10.47127248,10.5298639,10.80078156,11.08249807,12.11873629,10.92667808,10.02158683,12.07324995,10.40035898,9.506109498,11.43667474,11.43667474,
"Gambia, The",GMB,5.529760458,9.213470361,8.895895297,8.704322984,8.024792925,8.152714465,7.574464445,8.020239315,7.543534474,7.154046229,6.766691548,6.631611383,7.020899378,5.916642809,5.262075726,6.302016927,6.645413213,6.509075479,5.591328964,4.829974843,4.550839575,5.488714202,5.748159799,5.611202563,6.511781045,6.349254347,5.586257013,4.469292134,4.255461446,3.787177037,2.613383788,1.902071857,1.721319881,
Guinea-Bissau,GNB,7.864307205,3.613896244,2.421557601,3.391662169,6.795722052,7.427707958,6.975396395,4.988014838,7.399533288,7.254128576,7.691262933,7.361312791,8.973420498,9.200145848,8.735369039,9.576672282,9.509061296,8.351259707,9.285395098,9.346379187,9.097635055,9.200157949,8.892949197,8.724656509,9.343589944,8.858907124,8.655694068,8.139974905,11.21382516,,,,,
Equatorial Guinea,GNQ,,,,,,,,,,,,,,,,,7.133685719,14.51441507,20.36751704,18.03795957,21.01648193,22.46849117,17.08975216,19.28578894,20.12563307,17.8446575,18.50431156,25.75059535,25.57013777,20.85383948,6.309258577,5.637253343,5.122748097,5.921922327
Greece,GRC,,,,,,10.98397321,10.08110969,9.081216612,8.989042328,9.536658425,9.492626959,9.939171782,9.83591206,9.154802761,8.74617037,8.586484883,8.458220589,8.463891123,8.503766617,7.639498839,7.85352646,7.971098837,7.792970292,7.614160273,7.633521312,8.294392078,8.099833659,8.108033827,8.172541173,7.813031215,8.552225936,8.689705558,9.108876736,8.850978219
Grenada,GRD,4.260959196,4.292058224,4.752152172,4.165402958,4.381204917,4.586109801,4.61397033,4.54802493,4.582895638,4.750430163,4.534634438,4.507645286,4.365931627,3.888498303,3.361388539,2.895809372,3.383492046,3.594188511,3.313655454,3.315354459,3.452880763,3.37761669,3.2467773,3.380555324,3.420911485,3.419120925,3.353300098,3.08059289,3.116596128,3.37198336,3.12898222,3.313805434,3.373195901,3.564192913
Greenland,GRL,,,,,,,,,,,,,,6.482870109,7.942337458,8.31327582,6.976569352,5.82903987,6.099350899,4.732798537,4.343656769,5.309427495,5.188370324,5.069133592,4.363989719,4.059760435,4.574263185,2.535995199,5.12746099,3.321594365,3.376519062,2.906522348,,
Guatemala,GTM,15.05099129,14.86375504,14.64260021,14.49709125,14.34611478,14.11392408,13.9689152,13.74617549,13.56736083,13.39703099,13.17089605,19.98979847,18.80800868,18.76240638,19.1936872,19.00164413,19.03480182,18.59078092,18.76713397,18.95369257,18.93836957,18.95689978,19.42672595,14.41642265,14.07664879,14.3263287,14.19060081,14.1404419,13.95427637,13.81129073,14.11150405,13.97394447,14.10393892,13.99601065
Guam,GUM,,,,,,,,,,,,,,,,,,,,,,,,,,,,,,,,,,
Guyana,GUY,4.551548211,3.731458194,3.765994779,3.343819769,3.069395473,3.224161824,3.107866516,3.090609074,2.954574891,2.97659002,2.64129456,2.6978242,2.855226715,2.68908263,2.631385238,3.071454999,6.789659208,6.72345246,6.910875949,6.56111716,5.744109266,6.018401104,6.015709492,6.345950316,6.046221801,5.939100711,4.966743259,4.789300947,4.668406954,5.049182881,4.244023924,3.135049958,1.867026158,
High income,HIC,,,,,,,,17.84483954,17.57850039,17.39435253,17.2770684,16.23708716,15.80245613,15.61516529,15.52127011,15.25680226,15.05868961,14.91774608,14.4141917,13.52591591,14.09413961,13.92863249,13.74097878,13.4742377,13.51168353,13.79104135,13.70590033,13.69524779,13.68805045,13.35328298,13.17357397,13.23476743,,
"Hong Kong SAR, China",HKG,,,,,,,,,,,4.590576007,4.055203756,3.52821656,3.105193173,2.996926988,2.807541825,2.639769422,1.960616833,1.845167782,1.730546122,1.711954747,1.580724038,1.502165622,1.410275896,1.233846828,1.113965008,1.077813441,1.026428301,0.972374903,1.032188855,0.953922818,0.912665496,0.947207291,
Honduras,HND,21.54128493,19.48269649,19.36826562,18.49431611,20.44378368,19.85701606,20.23397012,19.24729514,19.47765667,20.9363328,20.53561885,19.63852766,19.89221672,19.77400576,19.15725276,19.08397071,18.97012914,17.95145037,17.80521758,16.6306404,16.53655701,17.19439402,17.68613956,17.29425925,17.25458749,17.54311202,17.14677251,17.1266629,16.89270829,16.53449257,16.23346941,16.21516462,16.21950058,15.32338299
Heavily indebted poor countries (HIPC),HPC,11.79789793,10.38901365,11.09497199,11.14592301,10.32379836,10.50621118,10.2321771,10.33949306,10.87022418,11.05205522,10.99558212,11.42195415,11.30304933,10.99943722,10.80914798,10.32771934,10.15511945,9.951438332,9.477042727,10.31429284,9.66500598,9.876565905,9.969604968,10.353455,10.32459935,10.39651978,10.46957836,10.33649289,10.55847183,10.67376816,10.68853516,10.85025062,10.70480588,10.13072559
Croatia,HRV,,,,,,18.35850392,16.4632123,16.81504074,15.98582268,15.96636986,16.68033731,16.35891223,15.22069076,14.83770181,15.00682542,14.28273824,13.76576807,13.83616746,13.44536756,13.19763413,12.90093248,13.52354726,13.46699133,12.55983378,12.67268328,12.6867021,12.7857956,12.6509407,12.19354107,11.7963405,11.94049187,11.56075756,11.68196541,10.59209189
Haiti,HTI,13.71582854,11.45142999,11.38770294,13.18910284,13.47242717,19.19386527,14.15761357,10.77774692,9.621118466,10.06259422,13.02901081,13.82010643,13.70199824,14.9337874,15.84228928,15.91581963,16.46140689,15.57974618,17.01827927,16.86288965,14.4766049,14.65405803,16.12659307,15.76674163,16.62121864,16.96853464,16.36683512,16.38462264,16.69063712,16.74966828,17.63777188,19.36503655,23.12872302,24.47841491
Hungary,HUN,,,,,,18.18896757,18.06899592,19.73487078,19.97961661,19.33784837,19.10706293,19.17471605,18.55766414,18.57846815,18.95488781,19.01540812,19.69111712,19.05563063,18.2643201,17.13021896,18.07853806,18.43773479,18.47250806,18.71413137,19.43822879,20.21528655,19.60572675,19.1264888,18.50333662,17.43295381,17.30858715,16.73290798,17.10818846,17.1398233
IBRD only,IBD,,,,,,,,,,,,,,,20.94098177,20.53714668,20.66097837,20.48024868,20.53826138,20.59656972,20.30265491,20.3578781,20.36531086,20.2035531,20.56427406,21.55966834,21.16360883,21.07370752,21.39335196,20.74856308,21.11853903,22.07878646,21.439036,20.63642824
IDA & IBRD total,IBT,,,,,,,,,,,,,,,20.14704793,19.79241245,19.88420004,19.73877762,19.77382168,19.83296749,19.55435761,19.66160775,19.69977508,19.55918651,19.88212041,20.77678628,20.46637445,20.42589178,20.74837858,20.19325284,20.54171658,21.52077507,20.93241408,20.17628487
IDA total,IDA,13.10555839,13.02548649,13.10756104,13.0389988,14.02386559,15.25928445,15.37529985,15.65252324,15.18354954,12.7040407,11.48503012,11.81951132,11.66810585,11.60319906,11.57775083,11.50830367,11.25816292,10.9338898,10.57314324,10.72488445,10.00302178,10.34518913,10.72597595,11.16318036,11.36577151,11.37071888,12.00340485,12.01701977,12.48072761,13.19773721,13.39659062,13.95288723,14.19305562,13.85798473
IDA blend,IDB,15.5870076,16.68379993,15.67813936,16.10941831,17.71340044,17.92718813,17.74385021,17.85335289,16.76095917,14.10745002,11.33410241,11.69332696,11.14167919,11.4059643,11.37786793,11.5055288,11.12893202,10.78271399,10.59591827,10.19752551,9.192036741,9.666701957,10.0102413,10.50497762,10.84553169,10.62852945,10.15037429,10.13104775,10.64050506,11.67760454,11.96704606,12.82304445,13.25410493,13.59130832
Indonesia,IDN,19.89302505,20.95643794,21.7564418,22.30495082,23.34803779,24.13317871,25.61663487,26.79294652,24.99567095,25.99487911,22.65975121,30.75459722,31.95327849,28.25284184,28.06582659,27.40750748,27.53757408,27.04841275,27.81427299,26.35547453,22.03862859,21.7608545,21.45095506,21.02868868,21.07517605,20.98578743,20.52297468,20.16002236,19.86319338,19.70353909,19.86642189,19.24340778,18.33652346,18.66739125
IDA only,IDX,11.69129332,10.59302077,11.12148263,10.44761331,10.12498433,10.96765438,10.85554771,11.3449521,11.83956576,11.69628257,11.66139266,11.96111864,12.17552662,11.79736848,11.74146647,11.44780726,11.29508248,11.00973943,10.48180492,11.18908951,10.74923635,10.9703707,11.42036314,11.79244059,11.84820643,12.0763339,13.68543692,13.61374263,14.07026372,14.48679732,14.55493056,14.89036406,14.98288364,14.19411556
Isle of Man,IMN,,,,,,,,,,,,,,,,,,,,,,,3.590714929,3.198568053,2.654664939,2.679866242,2.410218788,2.080770624,2.159804289,2.142831592,2.442067969,2.052928877,,
India,IND,16.59759644,15.67626016,15.80079982,15.91571211,16.76413813,17.8658506,17.5963408,16.51857853,15.71931602,15.18053671,15.92702302,15.30702128,15.55870173,15.58738665,15.82724574,15.97301704,17.30365333,16.86456778,17.09867415,17.14357767,17.02993425,16.13933744,15.81692301,15.25302269,15.06557011,15.58385459,15.16223713,15.01823875,14.88153067,13.45580756,14.12048536,14.37702885,13.12247767,12.83878979
Not classified,INX,,,,,,,,,,,,,,,,,,,,,,,,,,,,,,,,,,
Ireland,IRL,,,,,,20.68710675,20.43953797,21.79010252,23.24454282,23.53153356,23.11914115,25.24987023,26.74511048,23.35858488,21.12736231,19.59207962,18.57305851,17.97273941,17.55906889,20.38868836,19.49288026,20.60000334,19.48656443,19.14148645,19.68654239,34.75489053,32.96427759,32.00496272,32.80822283,31.46217853,34.16818715,34.98587808,37.99484098,34.18520521
"Iran, Islamic Rep.",IRN,14.51243465,15.95461266,16.06830324,13.56430156,15.51251446,15.34432231,16.50554303,17.43598158,16.89071244,16.65998772,16.63922502,17.14813115,15.09666321,14.79313534,15.70243428,15.04149207,15.03350612,12.90761577,12.9684578,13.27448939,12.78390806,13.79219147,16.3771989,15.72969562,15.58475562,13.45074441,12.94499498,13.75240254,15.63711735,18.04559618,21.13948696,21.21509497,19.99077244,
Iraq,IRQ,3.681081419,3.198937143,2.869121628,2.655458517,1.484774584,1.393351329,1.005015502,0.652216662,0.861183074,0.875218459,0.908108148,1.476010091,1.521944531,1.026588151,1.761388714,1.320527376,1.541217513,1.631062342,1.722444067,2.61115151,2.269906805,2.821903293,2.721776318,2.297634844,1.877063816,2.175208425,2.252868877,2.174398743,2.031977718,2.137531496,2.588427262,2.473404781,2.515578994,3.569950872
Iceland,ISL,,,,,,12.22481759,12.17081077,14.092866,13.4378336,11.83134052,11.54729595,13.3504762,11.60226097,10.95625396,10.43030964,8.540509903,9.002634212,7.753329781,10.89133502,10.94454408,12.91804473,13.21359028,11.65858875,11.61075778,11.39935005,10.73284543,9.277257934,8.867856809,8.516588057,8.485569161,8.900231866,9.732031196,10.13543996,9.271832971
Israel,ISR,,,,,,14.98933548,15.19588032,15.56663071,15.773193,15.83636346,16.60459323,15.28247465,14.61473827,14.17981221,13.98339547,14.75409772,14.98837046,15.35896649,14.79142736,14.00329888,14.0449782,13.53589259,13.73720593,12.92671067,12.36261422,12.75497723,11.9052694,11.32043717,11.49292605,11.39430759,11.16767451,10.16480267,,
Italy,ITA,20.02445854,19.0964914,18.57668821,18.39870481,18.67633521,18.99765159,18.64706862,18.45550902,18.35672654,17.83117808,17.57324471,17.14256511,16.80621398,16.1305153,15.89619774,15.54880231,15.60536871,15.95543409,15.47025663,13.7137734,14.22932609,14.21404552,13.8496257,13.88001981,13.97623924,14.39537139,14.79103387,14.91387042,15.00977875,14.88415792,14.59438908,15.52804365,15.57502377,15.73149221
Jamaica,JAM,,,,13.41418488,13.47982018,12.23285514,12.12280203,11.09923033,10.37138978,9.964782035,9.345912697,8.937324288,8.421757287,8.283961727,8.217473071,7.751515117,7.614976235,7.68942405,8.039148062,8.209481309,7.750648215,7.886422364,8.085526045,8.168795947,8.128721457,7.957090446,7.674668862,7.707022335,7.673248157,7.738459359,7.952705946,8.197332482,8.504472497,7.954697639
Jordan,JOR,12.16906305,11.06828938,11.5693552,10.80218309,12.74872054,12.08772562,10.92922876,11.43596831,12.52451068,12.56944084,12.94780536,12.84944293,13.99470121,14.43689737,15.59777033,15.37375639,16.43217116,18.29812139,21.15498227,20.12828515,18.92653574,19.30847404,18.78887251,19.27667124,18.84793833,18.36162061,18.00550304,17.99812196,17.68954038,17.56740197,17.14720198,16.90343516,17.1611156,17.33874233
Japan,JPN,,,,,23.4692154,23.47176597,23.36115644,23.35048737,22.83664376,22.40186384,22.45220881,21.11971717,20.71470205,20.91713129,21.12059122,21.42337239,21.39928569,21.87550588,21.27403122,19.04768351,20.7662009,19.53555431,19.66670843,19.32903165,19.59360923,20.46247038,20.28803857,20.43594607,20.62168395,20.22418279,20.05249272,20.85549487,19.22741791,
Kazakhstan,KAZ,,,,,,14.60701644,13.2472781,13.33634544,12.01990349,14.09165178,16.49803593,16.44509019,14.49613089,14.21774744,13.31415365,12.04139307,11.63245808,11.49160524,11.7738897,10.87215357,11.32131822,11.08657422,11.08079904,10.63497383,10.31824363,10.27540938,11.33013967,11.28015694,11.42862275,11.46636407,13.07253218,13.60875474,13.42429667,12.2974501
Kenya,KEN,10.0532694,10.41254657,9.307076684,8.510982885,9.02395926,8.363447203,11.85948215,11.56828458,10.92996048,10.14458011,10.31558075,9.779939837,9.823609462,9.709025236,10.00079257,10.53608575,12.68935539,12.79043986,12.09577062,11.49295314,11.16037502,12.04776729,11.08334027,10.90901663,10.06503343,9.975179818,9.321491101,8.739141731,8.408385292,7.904615937,7.599838358,7.363301363,7.826618713,
Kyrgyz Republic,KGZ,26.4088785,27.49405405,32.14042898,25.10878294,20.48139643,8.57349908,7.901518421,13.67216651,14.13978626,12.96841868,18.10253421,17.64060988,13.04845104,13.27441178,15.32531184,12.85243094,10.99208173,9.919047314,13.21902699,14.22825136,16.86028862,18.26824869,12.07174383,15.76808892,13.6761968,14.0507757,15.43426087,14.99082804,14.26446331,13.72142421,13.15752696,11.80627098,13.64306017,12.60302313
Cambodia,KHM,,,,8.617224497,8.853806046,9.145566842,10.09532944,11.63946738,12.66115574,13.19695981,16.01085177,16.76945233,17.608154,18.20426909,18.7827927,17.8046665,18.56459349,17.33274648,15.34740177,14.41717785,14.69387986,15.17259358,15.08786436,15.49057902,15.39756683,16.01377197,15.99518559,16.18857357,16.3494136,16.27677627,16.20365903,17.86494001,18.81783823,18.30307186
Kiribati,KIR,,,,,,,,,,,,,,,,,,,,,,,,,,,,,,,,,,
St. Kitts and Nevis,KNA,7.882713945,7.619319518,7.759609649,7.036537759,6.449750919,6.677614867,6.356124882,6.434311048,6.220979725,6.566913769,6.999929667,6.666397219,5.732847312,6.698070034,6.507967822,6.398862906,5.891075452,5.971296082,5.729684433,7.20580268,8.265241089,7.740149283,7.463664389,7.139893829,6.867001206,6.54942929,5.728716419,5.39133238,5.412704529,5.476713437,5.078375423,4.800110427,4.404006249,3.715281768
"Korea, Rep.",KOR,25.01897224,25.18901473,24.41078933,24.64149999,25.30211274,25.80146219,24.70505809,24.66161551,25.46710788,25.67377289,26.44837351,24.87906659,24.48564896,24.12400805,26.11841277,25.73718379,25.30537196,25.48295331,25.62215148,25.77490296,27.43876659,28.23679861,27.8318955,27.78585374,27.04245216,26.60603573,26.35776522,26.94587269,26.63850865,25.22222287,24.7802807,25.48649083,25.63196364,24.31054209
Kuwait,KWT,,,,,,10.95157692,11.67767868,13.23058208,11.71567697,11.07560771,6.915118882,6.343925234,7.828300259,7.89993832,8.311497029,7.260142753,5.478884949,5.534274998,4.425564995,5.12162171,5.977903035,5.613139454,5.964484491,5.879841548,5.542279001,6.977510037,7.202057283,7.501476658,7.451579804,6.861326254,8.119998462,7.354067311,6.87467,
Latin America & Caribbean (excluding high income),LAC,21.2796669,20.50162209,20.35200068,20.98458864,20.14461411,16.65924646,16.37482265,16.63635689,16.28741293,16.70374735,16.96388138,16.82576091,16.6472442,17.12429577,17.01913018,16.48298569,16.43663017,16.0231073,15.72958643,14.81496195,14.62053178,14.00988075,13.7786606,13.44567702,13.3676221,14.11398871,13.97757771,13.74783051,13.95468135,13.76280415,14.1171598,15.04983183,15.69200068,15.53087053
Lao PDR,LAO,4.176091037,5.21362505,5.600221455,5.455445397,5.471178324,5.979437592,6.590139074,15.59969624,8.692607546,8.699180373,8.710887028,9.144431074,10.14926028,9.81210927,10.09899321,9.641610223,9.455624323,10.0618302,10.08310157,11.67926547,11.09441037,10.67136615,8.983772742,8.435402283,8.427695284,8.190052195,7.771563827,7.483534519,7.45272744,7.643691941,7.684786494,8.69509979,8.805813095,9.247877358
Lebanon,LBN,,,,,12.71716533,12.50239282,12.5429745,12.52371134,12.42877357,11.85600427,11.41429669,11.32408765,10.83056248,10.73162675,7.234334702,7.51373215,7.195471934,7.235117057,8.303247575,7.916028888,7.721533803,7.579314185,7.38803282,7.524413956,7.532566666,8.048539305,8.356410171,8.287891557,7.445050277,7.051471713,2.943719488,1.426829877,,
Liberia,LBR,,,,,,,,,,,2.452974828,2.375816777,1.873074434,2.25552139,4.024637681,4.127260274,4.093556747,3.95002185,2.95900927,2.808246606,2.606441441,2.277035029,,,,,,,,,,,,
Libya,LBY,,,,,,,,,,,,,3.125864985,5.92415229,5.686848278,5.056675063,4.669734894,4.595146767,4.559267079,5.038202389,3.958882247,3.709224729,2.311160445,2.963994181,4.565298689,4.140789519,3.655243371,2.806782515,2.801653516,,,,,
St. Lucia,LCA,,,,,,,,,,,,,,,,,4.110172874,4.434965207,3.762556435,3.554684606,3.09111442,2.920464743,2.937318663,2.718065408,2.539595155,2.906182194,3.140888035,3.002802096,2.908755018,1.978890355,2.85401297,2.961071298,2.112357699,2.104118276
Latin America & Caribbean,LCN,21.2598035,20.61451898,20.45265094,21.01670815,20.26156823,17.15731066,16.68313893,17.11894194,16.81718435,17.07932625,17.40694937,17.40721794,17.35777761,17.77817812,17.52435882,16.81705388,16.56269861,16.04519814,15.70148751,15.10302464,14.72238761,14.15360811,13.90404574,13.58544681,13.54079068,16.76075684,16.57957429,16.18752006,16.3948876,16.18760263,16.63428873,17.4491706,18.16029256,17.92272649
Least developed countries: UN classification,LDC,,,,,,10.26181131,10.71705675,11.15908061,12.08485997,11.76773159,11.63207527,12.29290755,11.99795565,11.65098729,11.65910933,10.8552306,10.53074031,10.31506808,9.735382181,11.13129696,10.31784105,10.31502992,10.34163342,10.283242,10.50876997,11.17455239,13.41007589,13.48053535,14.06400642,14.53414171,14.62821506,14.73209772,14.66100712,13.96654141
Low income,LIC,,,,,,,7.358189695,7.828280112,7.867901588,7.726805864,8.254204228,8.332316312,8.297251441,7.942617253,7.830144828,7.065947766,6.855599198,7.020987597,6.466587308,8.103142566,7.484318341,7.638491023,8.380409631,8.492819565,8.590403842,9.068225722,9.486192846,9.765744067,10.48490333,10.76882427,10.96302991,10.77447266,10.43822166,9.488979967
Liechtenstein,LIE,,,,,,,,,,,,,,,,,,,,,,,,,,,36.86668185,38.7329025,36.53852031,38.80933025,34.33763988,35.24360994,,
Sri Lanka,LKA,13.40277966,13.37898951,13.95447312,13.78819541,13.89815655,14.09133623,14.67515831,14.81300097,14.83389752,14.74760006,15.05451498,14.11977662,19.11422132,18.59193138,18.72074443,19.51298566,19.22587692,18.49792438,17.95409417,18.10773411,18.45668422,18.61568688,19.73794236,18.06463065,17.15642919,16.17695988,16.01865925,14.89129605,15.03278402,16.16080032,16.28596212,17.96511566,19.65303956,17.91912127
Lower middle income,LMC,17.75489057,17.0197636,16.74655356,16.66942862,17.38527909,18.00427778,17.57365671,17.25893645,16.95310834,15.83391029,15.6477961,15.35375483,15.34262849,15.20565215,15.13861956,15.08680941,15.42381504,15.15107861,14.97260882,15.08604625,14.83270163,14.47754764,14.417353,14.31052664,14.33651206,14.67008775,14.82818361,14.77151296,14.82792035,14.48121474,14.92367377,15.17136758,14.77131773,14.54868495
Low & middle income,LMY,,,,,,,,,,,,,,,20.86422627,20.51132702,20.72099344,20.62161953,20.74453723,20.79620504,20.49509476,20.73989197,20.83911671,20.71704371,20.91597706,21.05245226,20.72104356,20.73598846,21.06416334,20.46464787,20.789806,21.89095486,21.3099257,20.52767643
Lesotho,LSO,9.52392864,8.596050048,8.745362238,9.516256306,8.861841768,8.951490232,8.877780039,10.20186786,10.92299118,11.11939258,13.62089707,20.51351141,24.55781584,22.66208954,23.02816959,19.98529,21.82409656,22.23966091,21.22854748,17.50622183,13.08472005,12.78264653,11.45151142,10.93956821,12.25053844,15.13302879,16.66307668,15.23670985,16.6313078,17.21967273,16.3509926,16.56215896,15.3782089,14.02365795
Late-demographic dividend,LTE,,,,,,,,,,,,,,,22.98149032,22.43935469,22.18503228,22.11293872,22.01731504,22.52350842,22.33951688,22.20266285,22.17216015,21.96515681,22.4050382,23.25996473,22.8396807,22.68038135,22.84792083,22.23762389,22.59469092,23.6249792,23.05042626,22.19533806
Lithuania,LTU,,,,,,16.73275407,16.16374128,16.00432845,15.69120259,15.13736588,16.78196247,17.24665716,16.30783535,16.68874275,18.24094609,18.26509563,17.58897358,15.9083629,15.71659972,15.11449133,16.92705382,18.37551212,18.70759505,17.62737988,17.37258678,17.21172275,16.89736775,16.97086195,16.57934863,16.06650114,15.55180809,15.93425927,16.28273261,14.23601606
Luxembourg,LUX,,,,,,11.84154327,10.94107471,10.93701096,11.03823845,9.803726041,9.642505858,9.131290351,8.718275178,8.840174739,8.294962214,7.832112864,7.081889724,7.965973453,6.684197644,4.652433886,4.966250392,4.869537955,4.556609541,4.554388987,4.728116421,5.479631971,5.79495634,4.775908673,4.961592227,5.042530674,4.942391674,4.690487371,3.827698023,3.531550056
Latvia,LVA,,,,,,17.61782774,17.0787268,18.22199621,14.79443127,13.5467217,13.6072703,13.60350006,13.54354706,12.35861452,12.25459985,11.40172065,10.55808266,10.02045646,9.603439902,9.718880118,11.87733511,11.7520836,11.35575776,11.09042547,10.50166678,10.46795056,10.16647771,10.47018109,10.55714781,10.64186354,11.06913169,12.38168886,13.14698175,11.90208012
"Macao SAR, China",MAC,,13.043334,10.31675132,8.048115904,7.28716734,6.647429732,6.511701123,6.668276945,7.304841624,7.334505427,7.447258548,6.00413703,5.280310706,4.644201551,3.703356679,3.122722373,2.865209135,2.085962438,1.421972379,0.984550048,0.551334752,0.456610186,0.461632085,0.396853346,0.415492251,0.570740712,0.595264525,0.572479914,0.539585704,0.53650965,0.830736254,0.827262974,0.95786897,
St. Martin (French part),MAF,,,,,,,,,,,,,,,,,,,,,,,,,,,,,,,,,,
Morocco,MAR,19.28359759,18.350084,18.86594312,19.06004047,18.07620124,18.87500531,18.29098532,19.05917734,16.1967166,16.56743507,16.70681407,15.16141812,15.11783808,15.7163167,16.03544163,15.24844511,14.61502515,13.74380735,13.71216418,14.23371588,14.40872607,14.26743406,13.99648022,14.31838654,15.19320907,14.89418144,14.7472833,14.58235957,14.85881043,14.74945073,15.15830685,15.05396842,15.01678748,14.5323447
Monaco,MCO,,,,,,,,,,,,,,,,,,,,,,,,,,,,,,,,,,
Moldova,MDA,,,,,,22.33650708,20.6040683,17.97087017,13.70625424,12.83037838,13.95310657,15.46052651,14.56676133,15.13605127,14.23041334,13.07252736,12.24555794,11.54471084,11.0400035,10.37462591,9.953772396,10.56474188,10.65443753,11.19385255,10.06913248,10.01582217,10.03363119,9.970073234,10.06919785,9.894330508,10.10666435,9.639959957,8.844161479,8.218609799
Madagascar,MDG,,,,,,,,,,,,,,,,,,9.162943125,9.691233476,9.158878323,8.959029023,8.724370459,8.665203691,8.629868852,9.038935254,8.507711195,10.19531068,9.18815732,9.369595422,10.09005135,9.724984406,9.496723939,,
Maldives,MDV,,,,,,,,,,,,,,5.29908872,4.881767017,4.694870456,3.658793412,3.208346262,3.250292622,2.573765511,2.287710848,2.580529047,2.624527275,2.118382157,1.984973239,1.927943483,2.078336838,2.184211036,2.192735691,2.13121453,2.685968226,2.135023223,2.001907532,
Middle East & North Africa,MEA,,,,11.92747455,12.50606304,13.40003953,13.9081622,14.07558247,14.32124651,13.86811306,14.00087788,12.7458752,12.58725321,12.44119252,12.01801989,11.28311027,10.8833706,10.51219204,10.05031526,10.96029493,10.78514131,10.58016998,10.88790701,10.55908235,10.86430999,11.30286186,11.32905148,11.18755705,10.92973756,11.0037327,11.80099758,12.10951814,12.51631648,
Mexico,MEX,19.13556361,18.90927536,18.53882316,20.54232971,19.70746616,21.16854741,22.21303098,22.36266015,22.22472404,21.25884531,21.04457741,20.02605856,19.23122679,18.82806561,18.84566801,18.07707949,18.9990299,18.26237577,18.17491374,17.4331987,17.83821391,17.72038602,18.80003545,18.10280962,18.22892172,19.82342138,19.86877579,20.16182242,20.1893657,19.84246419,20.01403585,20.84997719,21.48542425,20.16495315
Marshall Islands,MHL,,,,,,,,1.525182074,2.097182531,1.905808632,2.377597626,3.133566667,3.353617369,3.615686873,4.184960909,1.886451946,2.486053126,3.04427886,2.20772903,2.736601664,4.70601605,4.294298286,3.752005338,5.24477305,6.143656947,3.16376888,4.552787096,4.143873538,3.711136703,4.928345238,3.226690116,2.276858753,2.486513612,
Middle income,MIC,,,,,,,,,,,,,,,21.16241766,20.81754443,21.03068513,20.92434544,21.06344892,21.08568717,20.75667434,20.97988892,21.04105263,20.90977597,21.11572289,21.25254074,20.89181758,20.89575831,21.21682304,20.61463587,20.94555841,22.04119801,21.47235561,20.72613184
North Macedonia,MKD,30.01353383,23.2356405,27.92132839,23.83376826,18.90826214,18.66230266,18.52970376,17.92824121,17.16404337,16.72251357,8.968573796,8.964590936,8.436041318,8.931349416,7.685212226,9.693399514,10.21592402,10.20062271,9.771987756,8.827076228,9.865628773,11.4100813,10.23863142,9.914104855,10.95140354,11.76035953,12.28893989,12.60253096,13.34739543,13.39414999,13.29727468,13.48326467,12.62928925,12.38563378
Mali,MLI,,,,,,,,,,,,,,,,7.010144032,6.666210253,6.27134851,6.247367513,7.456549552,6.746891957,6.050821295,5.765085732,5.452973446,6.981283678,6.426121851,5.508177117,6.064296886,6.289779689,6.612924733,6.786425649,6.706366163,6.555857366,5.985334863
Malta,MLT,21.88382646,21.34522952,20.06877487,19.56983379,19.84902646,17.42352166,17.00163131,17.09638273,17.69001473,17.58427015,19.30754855,15.82852656,15.58748352,15.5467595,13.52829138,12.98212222,12.44296923,12.43313896,13.51190001,11.25902957,11.23655035,11.23433727,10.93989412,9.436087882,8.523206917,7.448197258,7.190350766,6.887266102,6.783808244,6.66475409,7.238002798,6.722139834,6.958105778,6.757714176
Myanmar,MMR,,,,,,,,,,,,,,,,,,,,,19.86208285,19.72131197,20.09235404,19.91591375,19.9307583,20.80814188,22.79535067,24.09403534,24.911874,25.32007212,25.45203809,25.63745292,25.55955544,
Middle East & North Africa (excluding high income),MNA,,,,12.59891207,14.01881873,15.51086534,16.44000177,16.1089326,16.04521723,15.45674221,16.40115987,12.75433351,12.47626502,12.48461641,12.21726589,11.58939196,11.34064302,10.61705181,10.59593731,11.12790778,10.91791058,11.41142794,12.07346369,11.60200336,11.97537562,11.45769418,11.50553734,11.24459557,11.03230975,11.39690981,12.72746859,13.52133047,13.31811116,
Montenegro,MNE,,,,,,,,,,,9.280763142,11.55948143,10.40149138,8.758529078,8.729936764,8.192093197,7.765014203,5.101839704,5.13212895,4.531902684,4.55276488,4.971665787,4.07631424,4.043056303,3.880018115,4.08869912,3.735536622,3.847208631,3.983611866,3.718067504,4.110352921,3.852906774,3.907297378,
Mongolia,MNG,20.36867779,16.96665499,18.59166873,16.28418974,16.77656851,17.28145411,7.67671831,8.457244901,7.079083013,7.026705143,6.702337967,8.249867761,6.393522004,6.645525036,5.53018127,5.759044408,5.434696037,6.244148786,6.562044373,6.448551726,6.814013595,7.069942595,7.482232191,8.721663906,8.777293093,7.015505837,6.6675056,6.898238215,7.053217103,7.069555547,7.756164685,7.109182102,7.117164595,6.912429998
Northern Mariana Islands,MNP,,,,,,,,,,,,,,,,,,,,,,,,,,,,,,,,,,
Mozambique,MOZ,,16.09523877,16.67986474,12.39377344,13.7501001,11.71289569,13.1634294,14.35068696,16.34569952,14.93311086,13.98544423,15.93199114,12.77356305,14.46258215,15.14401704,13.69896057,14.4925559,14.10786894,11.94833471,10.62649371,10.03984425,9.549775225,8.62619404,8.326035515,8.220565093,8.30864035,8.117832587,7.819887035,8.613131118,8.727729553,8.338781312,8.064960048,8.505871975,
Mauritania,MRT,8.419389627,6.408258629,7.165885775,8.17674469,7.259005432,6.916697475,7.088624088,7.595467853,10.36381111,10.63763541,9.874600799,10.1414071,11.7437803,10.71897544,10.75722525,9.640268506,8.481466917,7.314297587,5.526539368,8.435133709,6.70568705,5.742828681,6.521132118,6.406984151,7.414093919,7.438345505,6.111147578,6.413663705,6.337515789,7.096530308,6.68554623,6.088508741,6.172263962,5.087761114
Mauritius,MUS,20.37225709,20.12468104,20.24912089,19.77153817,19.4699195,20.07032122,20.52346494,20.50531879,20.7543354,19.88111265,19.48351455,19.774923,18.811314,17.79013571,17.30358483,16.66794887,15.82447167,15.46680982,15.31060249,14.90903358,14.16431515,13.86614728,13.64774529,13.72164563,13.52413257,13.00862839,12.38304812,11.83942004,11.32493546,10.52004655,10.81639837,11.69824167,11.80912264,11.20929605
Malawi,MWI,,,,,,,,,,,,,,,,,,,,,,,,,,,,,,,,,,
Malaysia,MYS,24.2246874,25.54986531,25.82259328,25.92599045,26.64060861,26.37803239,27.84276323,28.38020547,28.78270602,30.93621577,30.86354977,29.33640404,29.24639822,29.92867189,30.37814736,27.54968008,27.56608756,26.12258394,24.56071766,23.80014505,23.43377557,23.32020449,23.13817629,22.84074242,22.87393024,22.29329748,21.79695148,21.84615988,21.52815927,21.4089983,22.23207759,23.39088778,23.39354336,23.04937644
North America,NAC,,,,,,,,16.07961745,15.80107509,15.56100977,15.24009769,14.0535732,13.5956379,13.40998653,13.25701932,13.01155306,12.95033472,12.68488158,12.05919704,11.5522737,11.71941924,11.7378679,11.66787233,11.5528072,11.41001175,11.47409017,11.06205482,11.0618133,11.16778775,10.8562033,10.38837586,10.40138364,,
Namibia,NAM,10.39426155,9.493204965,9.966920811,11.07547413,10.45021353,10.12625338,7.788658407,8.643648833,9.533699533,8.773820312,9.73959016,9.622780593,9.42146187,11.39438804,10.59196078,10.48802863,12.59306201,13.47269171,11.27254897,12.86482256,12.29938679,13.45726237,12.19000589,10.31825878,9.908565291,11.41718482,11.67878853,12.22004344,12.29883482,12.46239874,11.0196432,10.77692949,11.10914033,11.23437122
New Caledonia,NCL,4.747491487,4.785938624,4.840687221,4.688575435,4.609972936,4.217178514,3.963849055,3.95550608,5.672233534,5.645462655,5.188140027,5.436740423,5.419594593,5.300090186,5.221706832,5.211129011,5.422603929,4.975433993,5.302472546,5.834446735,5.555496237,5.453193228,5.493866104,5.94504574,5.628372685,5.864833979,5.909088976,5.603544794,,,,,,
Niger,NER,10.46973578,9.671042509,9.835534057,9.901584805,9.01062419,9.59371956,9.526001129,9.490635336,9.165276054,9.633788329,9.246691393,8.869705096,8.774597662,9.11498221,9.391010597,8.414737026,8.124409132,7.682460338,7.112263705,7.424792627,6.917205465,6.681176806,7.516576093,8.014047553,8.483204639,7.625755954,7.473406569,7.567786591,7.382368408,7.346278793,7.38998839,7.639453305,6.99386025,7.176043913
Nigeria,NGA,17.78259534,19.49458715,17.65449303,18.37625,20.92708023,19.99371557,19.10108021,19.19853144,17.45056588,16.25736913,13.93340041,13.9253596,11.81181308,12.06060684,10.86156992,10.06108332,8.852872608,8.401379657,8.168912972,7.838411937,6.552816976,7.171084296,7.724546672,8.928929322,9.635811603,9.428437322,8.679697782,8.741993492,9.648947481,11.5223587,12.66726516,14.61070297,13.59351333,15.36379909
Nicaragua,NIC,,,,,13.97800375,13.93694067,13.60796851,13.61128194,12.72591803,11.95617313,12.47651664,13.65082657,14.82889937,13.95858895,14.04046178,13.5660208,13.59245359,13.99040533,14.00529763,13.61446997,14.26501721,14.05179257,14.20685261,14.49458437,14.73299546,14.1981611,14.14472127,13.64246403,13.84565973,14.03947562,13.45362115,13.93275051,13.94826088,13.75350537
Netherlands,NLD,16.70054599,16.00440938,15.60259628,15.3659291,15.20116993,15.34773492,14.68581792,14.23020436,14.16680404,13.63351364,13.35311179,13.12315696,12.54227886,12.17702463,12.26652509,12.30188624,11.92891577,12.00478059,11.45831724,10.50345527,10.4692367,10.80311028,10.73516845,10.28808578,10.36065281,10.80175882,10.85104971,11.05242052,11.05716246,10.77442485,10.82645977,11.09171168,11.41162319,11.64680694
Norway,NOR,10.31217786,9.956118757,9.987295426,10.19708885,10.36186447,10.79689515,10.06388716,10.02856292,10.53843701,10.11928497,8.974695388,9.028293722,9.006070409,8.974844452,8.637325285,8.231394811,8.353518024,8.351672377,7.815081985,7.47243937,7.277637447,6.83124022,6.706956094,6.709369696,6.887110282,6.961573812,6.669694018,6.47768065,6.103985902,6.276062105,6.587926016,5.61528387,4.935329763,6.066794719
Nepal,NPL,5.759263557,6.376362065,8.396064811,8.320715839,8.963125778,8.922094217,9.025643498,8.846648818,8.97040004,8.869534201,8.840859263,8.699294828,8.213423646,7.887760015,7.763964162,7.615216521,7.314045291,7.168186946,7.01090408,6.622367122,5.946139,5.396920341,5.785222834,5.750414306,5.61219116,5.356055555,4.888189626,4.855673994,4.906474539,4.981441388,4.474854392,4.766037666,4.832071914,4.571626983
Nauru,NRU,,,,,,,,,,,,,,,,,,,,,,,,,,,,,,,,,,
New Zealand,NZL,17.7900088,17.86433583,17.91281037,17.93792492,18.45474614,17.70023692,16.65957805,16.32113724,15.78454683,15.55608546,15.50413471,15.1897259,15.55174174,14.71813539,14.5562536,14.52524595,13.31015558,12.3263675,12.41143364,10.76955539,10.84429188,10.94446792,10.60764895,10.23552709,11.0696789,11.27969397,10.09039752,10.19454878,9.946990754,9.674843303,9.392912022,8.81116112,,
OECD members,OED,,,,,,,,18.05649165,17.7111808,17.44711347,17.3581652,16.31666801,15.83825585,15.64002391,15.53309116,15.28394291,15.15131608,15.01384944,14.54499586,13.58358993,14.16648247,14.12432192,13.99488372,13.73572924,13.71522271,13.92171322,13.82013214,13.80665066,13.81511864,13.47516618,13.19377022,13.31164203,,
Oman,OMN,,,,,,,,,4.682239372,4.379170156,5.726783355,8.783519974,8.633598746,8.871946789,8.619664731,8.620580503,11.26656476,10.75431192,10.48452191,11.57816489,10.04561825,10.46453094,9.932249685,9.407930504,8.631196202,8.916115687,7.914286703,8.495178421,9.09106412,8.02929792,8.356145702,9.12402522,10.49612607,
Other small states,OSS,,,,,,,,,,,14.43450974,14.316439,13.69418601,13.50897116,12.7546435,11.91758461,11.40905865,11.05882959,11.87911923,11.18498318,11.89403451,12.37574238,12.18998069,11.8302305,11.81305072,11.86638047,11.40846743,11.43581195,11.28776961,11.05672388,11.42365446,12.0827159,12.84514778,11.63064894
Pakistan,PAK,15.46002479,15.56339408,15.42300755,15.44935299,15.70608805,14.61781361,14.60800604,14.56036127,14.68258059,14.41352528,9.094197863,9.505079703,9.373964074,9.557900858,10.45295151,11.76255638,12.61423338,12.48148456,13.25628901,12.53946637,13.03550037,13.38113593,13.73907621,13.32076285,13.41402629,12.30144209,11.21091675,11.29934591,11.60274316,12.58727459,11.41607343,11.93471622,13.76278385,13.57561918
Panama,PAN,15.30728864,15.54262665,15.14292169,14.32210839,13.92936714,14.22001349,14.12837392,12.73361215,12.36442211,12.13686142,11.27140635,10.42918335,9.449766569,8.928264046,8.597271593,8.260100546,8.040114264,7.157217932,7.073095402,7.285933363,7.096737737,6.338251119,6.231557494,6.631374192,6.605784293,6.390802303,6.17499918,6.057774663,5.72351371,5.657542253,5.606519459,5.205205182,4.968368919,4.680468578
Peru,PER,,16.14534194,16.14861515,16.19004894,16.00036519,15.33472473,15.30905712,15.35586327,14.8647485,14.67334672,15.2145262,15.58125647,15.49890758,15.39858175,16.3726501,16.55161137,16.47219323,16.51803449,16.29654201,15.29305413,15.55649929,15.09145987,15.16439658,14.83140652,13.95969764,13.78802017,13.34402811,12.97084692,13.1690241,12.84935117,12.25261573,12.06573465,12.44899924,
Philippines,PHL,,,,,,,,,,,25.27956529,25.31154589,25.13540868,24.83687265,24.01199788,24.26990117,23.8291854,23.1509116,23.26866768,21.73861439,21.91920172,21.70432695,21.32857121,20.43449877,20.57508399,19.92802237,19.5903032,19.50020206,19.09824717,18.5164544,17.65817905,17.6400847,17.22937941,16.21797582
Palau,PLW,,,,,,,,,,,2.740281837,3.28945716,4.587689093,1.883004641,0.868401287,0.798255667,0.750912882,0.716361964,0.905294605,0.840949884,0.793876772,0.849734064,0.970019046,1.037048161,0.99391369,0.928267938,0.924421683,0.969497596,1.013396447,1.037239023,1.01978973,1.066569127,1.102905945,
Papua New Guinea,PNG,8.968854431,9.571222543,9.242249586,8.444453576,7.654195975,8.014915977,8.933433411,9.19543477,9.255984417,8.240637956,7.166334559,7.032309572,6.257131826,6.531211556,6.704802818,,2.336502465,2.408002591,2.51303314,2.592142111,2.440339284,2.508862882,2.466265409,2.440516591,2.128229175,1.77710948,1.931402629,1.945336704,1.724264691,1.691022794,1.685225353,1.701442551,1.629378346,
Poland,POL,,,,,,19.37518113,18.32288717,17.64565178,17.33429089,16.79865981,16.052736,14.54306069,14.30829806,15.51705007,16.42926574,16.00920719,16.30278157,16.32149004,16.09704948,16.32958583,16.34336516,16.34315778,16.73965843,15.74528595,17.11020892,17.86906767,18.48489509,17.09098373,16.75377356,16.92498816,16.47228525,17.35920088,17.81112125,16.23606324
Pre-demographic dividend,PRE,8.048621629,12.1936081,12.33134403,12.6148783,14.74171271,15.38479181,15.72903084,15.50103447,14.91780157,10.33172154,9.356488645,10.11885574,9.648761069,9.929956941,9.348636124,8.600178007,8.096654777,7.926305181,7.593844956,8.299310274,7.359649359,7.647753261,7.718555831,8.150420971,8.464726737,8.717634554,8.506145692,8.398639558,8.660472708,9.401540159,10.02513484,10.50382766,9.887574727,10.10761405
Puerto Rico,PRI,39.62172296,39.21481662,40.95531011,41.783786,42.19660912,41.89547055,40.72840741,40.05662186,42.51401461,37.45042444,39.68895559,42.81662342,43.9738354,43.63682288,42.73084118,42.40124289,42.06132688,42.04075362,42.96689531,45.51738019,47.34365169,46.59612144,46.24771574,46.44304539,46.73319941,47.90264618,48.44287772,47.33513141,47.4373032,47.64169609,47.76948519,47.51810168,46.13330257,45.60445386
"Korea, Dem. People's Rep.",PRK,,,,,,,,,,,,,,,,,,,,,,,,,,,,,,,,,,
Portugal,PRT,,,,,,15.93852858,16.57597698,16.52892634,15.99806655,15.62998949,15.04933732,14.67786461,14.19466495,13.47633714,13.05271226,12.56677653,12.34319807,12.24363323,11.90165272,11.13316536,11.60126587,11.34306038,11.39409083,11.54560914,11.79145148,12.13870877,12.15338515,12.34250796,12.26235271,11.89529572,12.01812693,12.36519241,12.24699133,11.94681891
Paraguay,PRY,14.48414796,14.07818973,14.07687971,13.98741901,14.15408361,14.54910512,14.39973729,13.72853437,14.35018926,15.56596946,15.6778275,16.20681813,16.39349357,17.51456421,17.93486378,17.95905239,18.32162715,18.19339504,20.33529114,19.79301114,18.55160391,18.39381231,18.52161871,18.31659135,18.76751008,19.41648705,19.0612408,19.45276982,18.99274831,18.79516824,18.70442753,19.1898113,19.50253861,19.43029096
West Bank and Gaza,PSE,,,,,18.84430064,17.46375046,14.18641483,12.32246396,12.21053149,10.58484735,10.43907641,10.97235058,9.041565892,12.58316532,9.90202255,11.31162573,8.514855188,9.976443076,10.92005909,10.77581409,12.22950989,11.46959173,13.11064513,11.89893086,10.75076664,9.321233288,10.0263544,11.65550595,11.54725188,11.23471562,11.04708435,11.19332928,11.195638,
Pacific island small states,PSS,10.15000137,10.26695911,9.762690766,10.54036409,10.60009718,9.846271935,9.58089939,10.17590604,9.673208675,9.209971533,9.58694202,10.52384009,10.58139492,10.07575848,10.84689481,10.24588136,10.45410752,10.0646479,9.947347459,9.205379797,9.237903139,9.091928664,8.882945853,8.865591911,8.714617298,8.115415856,8.329903691,8.464220898,8.264248822,8.209355861,8.088834558,8.109938093,7.348533588,6.946645387
Post-demographic dividend,PST,,,,,,,,17.91406964,17.52481784,17.29654397,17.20642152,16.13119417,15.65956976,15.48254253,15.39122875,15.14931351,14.98448458,14.85446537,14.35946742,13.37849894,13.98524774,13.90973242,13.75350753,13.47706597,13.42626484,13.48806032,13.41024633,13.40078195,13.38910992,13.04039853,12.72184666,12.75638475,,
French Polynesia,PYF,,,,,,,,,,,,,,,,5.090438615,4.518270165,4.619541215,4.820317452,4.866094965,4.570551419,4.626208727,4.918535049,4.85034901,4.680609266,5.097309414,5.169265868,4.761155154,4.914071498,4.812371866,,,,
Qatar,QAT,,,,,,,,,,,31.94482443,36.75988831,36.76301756,32.43487527,25.61668216,19.79805406,15.16647332,12.36804782,10.16648515,13.62826721,12.52776196,9.462717692,10.52400579,10.20499042,10.14215249,8.91552531,8.47608042,8.047170298,8.237423873,8.333572677,7.911260406,8.76190774,9.282983716,
Romania,ROU,,31.72557739,30.03217674,26.64430669,28.7054063,23.87065409,25.56091221,23.94265121,21.39176442,19.37982527,19.81289205,22.02077835,21.80926831,21.0476788,21.24200462,21.26789929,21.10539481,21.02806472,21.94535141,21.00696485,23.36313514,25.91334211,21.27649437,20.21626246,21.51418409,20.20816691,20.12461103,19.81269339,18.9415433,17.16843646,15.85973872,15.66807654,15.47160322,13.65328321
Russian Federation,RUS,,,,,,,,,,,,,15.19344479,14.36733469,15.21650718,15.68022367,15.29122766,15.11463226,14.93315486,12.89797142,12.81547047,11.47093372,11.41528544,11.05730634,11.33558041,12.38301887,11.7002791,12.31277213,12.81988325,12.96920728,13.40281368,12.6130773,12.61001154,12.44555779
Rwanda,RWA,18.30498422,16.13991282,12.10604757,11.47988329,17.24969858,10.22020298,11.54486443,12.0365394,11.23450811,10.24808808,9.636723566,9.071176371,9.769091668,8.898571197,8.853061091,8.719068333,8.999218698,8.140191386,7.940207499,7.983287743,8.258409899,8.37029144,8.284656623,6.82605351,6.817241616,6.833545057,6.705266015,7.677866309,7.621998242,8.359415827,8.736260164,9.239662572,9.901615561,9.863970847
South Asia,SAS,16.08178941,15.37563137,15.54063966,15.69233808,16.42987307,17.1281771,16.77900976,15.98255757,15.45513642,14.97906198,14.64228839,14.29345474,14.60862686,14.64255502,14.96623095,15.32640195,16.50419497,16.24149749,16.46125419,16.48481254,16.49742691,15.78427236,15.57311718,15.06513179,14.92770993,15.18080013,15.05680029,14.90734935,14.93166482,14.05438353,14.48508187,14.81793737,14.10126496,13.81488873
Saudi Arabia,SAU,8.303501504,8.282509653,8.756432681,8.813872461,9.049048851,9.294176819,9.488194873,9.771146872,10.17826776,9.944775979,9.227065308,9.603832496,9.881550782,10.31856752,10.10231036,9.362586541,9.439592601,9.768306554,8.808262511,10.64745447,10.82837695,9.933553508,9.726927677,9.899815776,10.83178075,12.8336399,13.19827828,13.29363762,12.56954618,12.48911633,12.63787367,13.20719261,14.43587579,14.788122
Sudan,SDN,8.3363334,6.242697053,5.701082855,5.299432421,5.184338187,4.627631795,8.865233766,8.445334928,8.506433274,8.340737867,8.301581589,6.44579943,6.41767752,5.917529662,5.556734196,5.057505194,4.527741365,4.496305856,4.50574782,5.134511309,,,,,,,,,,,,,,
Senegal,SEN,,,,,,,,,,20.25688477,20.83892501,20.98396207,21.58689514,20.57588963,20.95936579,19.90577529,19.2454738,18.61612738,17.53933132,15.76568231,15.57288881,17.24574864,16.99510584,17.38002414,16.99741556,17.0529992,16.41265626,15.80530875,15.52562326,14.89211538,14.64224451,15.08960778,15.36290688,
Singapore,SGP,24.40422571,25.45987665,24.34968359,24.47185598,23.62472169,23.98506226,23.16721806,22.15150366,22.68745265,22.85068631,25.86148604,23.39469785,24.73764032,24.76541269,27.1193676,27.0767618,26.57800599,23.8226519,20.58566497,20.27337643,20.77383303,19.58255151,19.11682198,17.63840961,17.99976889,18.08932985,17.47442136,18.56833281,20.72849882,19.36385133,19.62711617,20.2841459,19.72325438,17.64928666
Solomon Islands,SLB,,,,,,,,,,,,,,6.073365231,6.166319335,5.863559933,6.423248882,7.458085858,7.597672485,8.300456171,8.79884026,9.28839412,9.26871236,8.643329535,9.874826147,7.878899118,7.856335048,10.33572562,10.17194542,10.35136769,9.681382262,9.671088141,8.207757642,
Sierra Leone,SLE,4.323785904,5.038135464,6.818496368,9.493675238,9.395517298,8.63507589,8.084542974,4.790236899,3.830016731,2.967448978,3.345756484,3.59878119,3.269826993,2.791390239,2.630103172,2.524644911,2.653437572,2.507274908,2.490173543,2.158748943,2.177217871,2.262127717,2.024350431,1.641227294,1.532975429,1.735554724,1.924022541,1.974289864,2.099095403,1.951559825,1.884905711,1.877770809,1.785496966,1.569584073
El Salvador,SLV,18.71665132,18.79607278,19.66721089,20.49121913,19.95955014,19.1601831,18.65692721,18.43352488,18.63991159,19.36884477,19.53286824,19.24834791,18.88011111,18.09649281,17.55758252,16.62573139,16.35054991,16.22631417,16.86411603,16.17890853,16.14095248,16.24677452,16.1734113,15.97729249,16.07623796,16.38749326,16.28568464,16.08462885,15.68784263,15.55867794,14.74042772,15.06930724,15.03426812,14.00330201
San Marino,SMR,,,,,,,,,,,,,,,,,,,,,,,,,,28.48453792,28.59252259,28.65222825,32.18865127,30.59027596,31.47603937,32.77386773,,
Somalia,SOM,3.937131015,,,,,,,,,,,,,,,,,,,,,,,,,,,,,,,,,
Serbia,SRB,,,,,,23.46637041,21.56010403,20.75377239,21.15600492,21.8475026,27.11981286,24.80225719,22.45300086,20.1883203,20.48405433,19.53563499,18.57624817,17.76799681,17.16507452,14.91762079,15.30340435,15.22828907,15.82085669,16.11881898,14.96365924,14.76792786,14.81139304,15.08669422,14.52732012,13.68195214,13.28391714,13.00868006,13.51176249,
Sub-Saharan Africa (excluding high income),SSA,16.18974426,15.91282096,16.50401563,16.14086362,17.13753508,17.35909743,16.64783689,16.67257741,15.91308481,14.29568502,13.86558194,13.8434439,12.99074805,13.34726523,13.03419771,12.34768788,11.13502688,10.86629715,10.35878412,10.64757852,9.938751859,9.854761493,9.708417241,10.08103279,10.21888308,10.24611549,10.28487537,10.34785131,10.63206574,11.02899731,11.07603838,11.55619473,11.40040783,11.18534933
South Sudan,SSD,,,,,,,,,,,,,,,,,,,1.838673419,2.610020805,2.331123774,2.063109892,2.715971552,4.017251079,2.675835618,3.534277011,,,,,,,,
Sub-Saharan Africa,SSF,16.18232134,15.9068335,16.49697435,16.1320427,17.12829386,17.35254162,16.64291673,16.66893408,15.91094467,14.29593293,13.87256474,13.84891717,12.99832319,13.35032082,13.02665315,12.34279259,11.13203914,10.86471831,10.3579047,10.64559526,9.937406704,9.853129837,9.707455158,10.07893221,10.21670675,10.24234503,10.2806733,10.34306452,10.62720314,11.02284774,11.07248367,11.5523181,11.39447827,11.17948924
Small states,SST,12.92614859,13.00391834,12.70298659,12.75175693,12.86140623,12.98300917,12.78560524,12.78047877,12.20601832,11.68563218,12.04464296,11.85337237,11.50684695,11.5634237,11.23047854,10.58148697,10.47944663,10.24235348,11.00098984,10.29085924,10.88005432,11.34564402,11.20649622,10.88345265,10.77222102,10.51765559,10.21566826,10.42854041,10.29114793,9.999623168,10.4224108,10.88799069,11.23266068,10.09169657
Sao Tome and Principe,STP,,,,,,,,,,,,8.058436954,7.734854451,6.942293843,6.022161039,5.379316999,5.292399729,5.154060845,6.588541695,6.558547995,4.677117879,2.810793123,2.739103293,3.029792079,2.526552117,2.744496276,2.318623868,2.192513641,2.208590089,2.097813872,0.855948992,0.833839112,0.736515068,
Suriname,SUR,9.552008239,8.145503236,7.678365464,8.039511593,9.548166042,12.19662199,9.342956234,9.448172945,7.859296935,7.901496963,14.21889527,12.76660789,13.51651815,12.85441388,15.13243717,16.69728516,23.20288648,23.48343878,25.31449783,20.26696748,20.98724256,20.8137282,21.29122551,18.78570167,16.35249219,11.49466501,13.39919214,23.61014154,21.32326357,17.42597135,23.10871567,21.9015741,28.97687922,
Slovak Republic,SVK,,,,,,19.03716019,17.9920949,17.11357951,18.23866575,17.64581273,19.97940878,21.33386398,19.41107971,19.71430561,20.39987478,20.60750949,20.6550899,20.33950953,19.00140477,15.17654924,18.03337244,18.18007411,18.13583673,17.49490048,19.30845774,19.58723336,18.59915137,17.94974026,18.88105587,19.72390815,18.49565745,19.23864048,18.14675182,21.54330092
Slovenia,SVN,,,,,,21.57388496,21.74272687,22.23682367,22.27039257,22.0039201,21.66002002,21.92983427,21.54101632,21.69442316,21.43999377,20.60883101,20.47089989,20.37507795,19.201582,17.12688871,17.47902295,18.21143714,18.73041142,19.15985954,19.62320694,19.93938327,20.16714694,20.57310748,20.30824379,20.59850719,20.52790735,19.96803712,19.87036014,19.84707363
Sweden,SWE,18.37945664,16.69308616,15.86866834,16.22611389,17.72945463,19.75903791,19.23376919,19.5458926,19.86167527,19.68461829,20.1587442,19.21743989,18.67144973,18.08070201,17.39032731,17.15572902,17.15140752,17.18175406,15.7901539,13.74834003,14.7205842,14.59704579,13.92046563,13.30496399,13.06286676,13.60516563,13.1918666,13.04552945,13.03144415,12.80441158,12.36082768,13.16209543,13.41040209,13.05583172
Eswatini,SWZ,31.42155327,31.54375023,30.0697026,31.4538265,30.75505268,32.77370532,31.87550144,33.02423906,32.91066349,32.1324338,33.86420508,34.26538759,33.69901953,33.0148947,33.93914698,34.23648693,34.49022424,35.21546165,34.59717481,34.79175403,32.52848802,31.68918025,31.01901265,29.64226635,30.64160892,31.71397586,31.23146028,29.81041845,29.03211799,29.55974305,26.52452868,27.25365957,27.93028759,27.64410525
Sint Maarten (Dutch part),SXM,,,,,,,,,,,,,,,,,,,,,,1.527810933,1.156003853,0.939377389,2.268400626,2.287179837,2.318403884,2.210940515,1.357587558,1.256494766,1.241755005,1.170533971,,
Seychelles,SYC,9.489054511,10.17197279,11.18354865,9.932301129,10.65069478,11.89941407,12.14597408,13.5121988,14.15405561,14.21545874,18.05486866,16.88469358,17.16285092,15.36825086,7.197384981,8.217597624,8.42422568,9.184975823,9.176197474,7.791911902,7.936496292,7.355249832,8.195561329,7.23589892,7.268653199,5.858406091,6.166921051,5.681021169,5.76475361,5.022827874,6.675225577,6.565793049,5.471715642,5.563957506
Syrian Arab Republic,SYR,,,,,,,,,,,,,,,,,,,,,,,,,,,,,,,,,,
Turks and Caicos Islands,TCA,,,,,,,,,,,3.394780858,2.966677148,2.82480961,2.77120201,2.329927504,2.058530452,1.721075813,1.874181389,1.58716359,1.909778465,1.253545855,0.998985167,0.701770309,0.727091449,0.741912088,0.691456049,0.630247217,,,,,,,
Chad,TCD,13.72107812,10.32066898,10.27738985,10.7793897,9.067988235,10.98750911,10.12948238,11.54361395,10.77824247,9.780753893,8.588088903,9.211454147,9.062188908,7.671362554,5.020708816,0.232607691,0.695835858,0.675446632,0.767680705,0.996386264,0.972748014,1.726396538,2.058839922,2.720242879,2.687991149,2.778290083,2.955106324,2.925709554,2.873903769,2.854010194,3.191500401,,,
East Asia & Pacific (IDA & IBRD countries),TEA,,,,,,,,,,,,,,,30.73986811,30.63034112,30.92470247,30.84805197,30.68938658,30.14643011,29.66264097,30.00790869,29.62495682,28.99110313,28.85929264,27.72885677,26.92136227,26.97146715,26.78335031,25.81418963,25.47211626,26.65141789,26.11502369,25.25101033
Europe & Central Asia (IDA & IBRD countries),TEC,,,,,,,,,,,,,16.25026004,16.25158473,16.70962143,16.77476396,16.59623643,16.40724804,16.05214741,14.60781419,14.50995477,14.10653936,13.67787477,13.37895397,13.96794333,14.73084268,14.71188943,14.85956152,15.18473269,14.95328133,15.24510466,15.58045718,15.41073461,14.66438148
Togo,TGO,,,,,,,,,,,,,,,,,,19.09799614,16.18029766,15.10658719,14.59519139,14.23234566,11.95656125,14.54806093,16.18088407,14.88533053,13.40960195,13.00994904,13.2525356,12.63354568,12.9535861,12.60000476,12.61904435,12.69169029
Thailand,THA,27.203606,28.24108711,27.51715424,26.17463978,25.90148248,26.20811198,25.66599779,26.46817301,27.14785944,28.17494832,28.37544528,27.82676748,28.51503178,29.58050295,29.41896805,29.61506806,30.16807997,30.58744967,30.55473054,29.46214007,30.93047882,28.99588092,27.97278735,27.58869075,27.57350096,27.3740712,27.14423937,27.01481548,26.71283439,25.62159641,25.55533257,27.16759949,27.05149006,24.90973686
Tajikistan,TJK,24.82853224,24.03846154,36.70788253,29.16301304,22.6970297,26.83968481,18.84225032,20.17489386,19.3256998,19.59237175,,,,,,,,,,,,9.662765911,9.470980087,9.226041113,7.617665427,10.73290727,11.37774387,12.80529159,13.22896965,13.4323434,15.62585236,14.99886719,15.14066899,
Turkmenistan,TKM,,,,5.159680639,27.52293578,38.17484663,24.20258065,23.21692169,17.32761701,17.15282972,9.837258281,13.89266399,14.50265252,17.4800101,20.45651585,,,,,,,,,,,,,,,,,,,
Latin America & the Caribbean (IDA & IBRD countries),TLA,21.25177179,20.48977283,20.21147922,20.80363526,20.02944378,16.77983333,16.22220882,16.71982016,16.3096715,16.62509397,16.92583506,16.74383136,16.54464719,17.00181644,16.82597972,16.20126178,16.02860956,15.55250238,15.22209617,14.47956545,14.15886105,13.64528673,13.38300184,13.06063203,13.0280504,16.27637384,16.06348351,15.77197597,16.01527694,15.76141321,16.15034732,17.11472697,17.94405863,17.76175817
Timor-Leste,TLS,,,,,,,,,,,2.534419225,2.498494586,2.573406851,2.62358772,2.497368254,2.447909005,2.5046475,2.065806011,1.683732095,1.385139141,1.009196751,0.910252763,0.793999423,0.723328925,0.776623601,0.970746646,1.092591043,1.549190957,1.681057304,1.833911025,1.52727304,0.752794483,1.292118301,
Middle East & North Africa (IDA & IBRD countries),TMN,,,,12.53011115,13.94226389,15.46621149,16.45279705,16.14073279,16.0773367,15.50352673,16.45623543,12.76905123,12.50321643,12.48366146,12.23525354,11.59142801,11.35950975,10.62109908,10.59428063,11.1304068,10.90874267,11.41110258,12.06623544,11.59924101,11.98585704,11.47817648,11.52050107,11.23922783,11.02529458,11.39786454,12.74698454,13.54885802,13.34144931,
Tonga,TON,5.125852836,4.453597181,4.408531103,4.544268795,8.114828638,7.555517884,7.568555772,7.873238903,7.392100035,8.042068272,8.87109888,8.378363816,7.872495251,7.876257901,7.668170653,7.328202635,6.955787356,7.058599387,6.703051322,6.537840806,6.008654353,5.829613418,5.852522138,6.181300274,6.235558693,6.026708221,6.037358972,5.95928083,5.798578349,5.168290721,5.606668857,5.188789572,,
South Asia (IDA & IBRD),TSA,16.08178941,15.37563137,15.54063966,15.69233808,16.42987307,17.1281771,16.77900976,15.98255757,15.45513642,14.97906198,14.64228839,14.29345474,14.60862686,14.64255502,14.96623095,15.32640195,16.50419497,16.24149749,16.46125419,16.48481254,16.49742691,15.78427236,15.57311718,15.06513179,14.92770993,15.18080013,15.05680029,14.90734935,14.93166482,14.05438353,14.48508187,14.81793737,14.10126496,13.81488873
Sub-Saharan Africa (IDA & IBRD countries),TSS,16.18232134,15.9068335,16.49697435,16.1320427,17.12829386,17.35254162,16.64291673,16.66893408,15.91094467,14.29593293,13.87256474,13.84891717,12.99832319,13.35032082,13.02665315,12.34279259,11.13203914,10.86471831,10.3579047,10.64559526,9.937406704,9.853129837,9.707455158,10.07893221,10.21670675,10.24234503,10.2806733,10.34306452,10.62720314,11.02284774,11.07248367,11.5523181,11.39447827,11.17948924
Trinidad and Tobago,TTO,,,,,,,,,,,,,,,,,,,,,,,17.32421796,13.88501334,14.34536174,14.05325088,17.14355986,16.22252068,17.06591493,15.52123546,14.29953134,18.81717577,22.24170296,
Tunisia,TUN,16.88656305,16.94849029,16.5309577,17.19839051,18.47500285,18.96456679,18.32814967,16.72637883,16.65733562,16.49740224,16.31004233,16.55053801,16.54863652,16.07968745,15.77687089,15.65236082,16.15475061,16.8400365,18.13862776,16.93690224,15.72391041,15.96951608,15.43494647,15.00824302,14.5464537,14.01037803,13.80895065,14.20098852,14.51688134,14.31889338,13.69380647,14.44921622,15.61650882,15.14067833
Turkiye,TUR,21.95780697,22.17191762,21.63708834,20.80908452,22.06291179,22.56606514,21.1414223,21.56558465,22.27165544,19.99630407,18.70562697,17.71462985,16.9326153,17.11144698,16.94823506,16.9038637,17.059374,16.80466786,16.26460107,15.15760591,15.05396857,16.44867103,15.8337489,16.27985574,16.77169702,16.69618545,16.5954579,17.59183105,19.0837558,18.37746771,19.1391926,22.23804957,22.10864837,19.40732796
Tuvalu,TUV,2.846625767,2.969002384,3.136981527,2.396343454,2.241957521,3.587416066,3.09476735,3.777857035,3.890343587,4.484007794,0.688461538,0.721481481,0.805806452,1.148333333,0.891935484,0.787666667,0.840625,0.738235294,1,1.027777778,1.088571429,1.026315789,,,,,,,,,,,,
Tanzania,TZA,5.841992622,5.624287415,5.257618593,4.808086671,4.716284392,4.571667569,4.648427793,4.323046043,11.07117357,10.22858507,9.861512994,9.468891997,9.370214025,9.379081764,9.193377239,9.026503074,8.821439254,8.817414345,8.744588961,8.666675269,8.665829302,9.54869846,9.438233264,9.110895166,9.120109,7.855564961,7.813717838,7.665587155,8.073823151,8.501810556,8.03212809,8.024874633,8.183102341,8.384997642
Uganda,UGA,5.341025639,5.438035758,5.820887289,5.598405977,6.030379954,6.229189396,7.147086558,7.787954277,8.28110036,8.893207736,7.098978105,7.061988776,7.354144342,7.055683802,6.364934006,7.009315598,7.090616066,7.125823101,7.30696526,20.07784579,19.65630717,19.08630722,18.67000674,16.54856162,15.63386283,17.60854768,16.2297476,15.52299609,15.77935562,15.46630748,15.79525672,16.43374919,16.37186971,15.60445716
Ukraine,UKR,,,44.59666203,29.70331753,35.01294684,30.95036248,27.45495001,24.62914293,25.2570843,27.23202557,17.38735465,16.33479342,16.92890518,17.54394188,17.51169087,18.50828186,18.74896021,18.40445956,15.88655446,14.31668289,13.0957491,11.76553427,12.22962711,11.14059174,12.22812816,11.90277912,12.21912603,11.98030207,11.53402155,10.78860042,10.10138261,10.28329715,7.603575719,8.247115822
Upper middle income,UMC,,,,,,,,,,,,,,,22.88601738,22.40443009,22.57372271,22.50489232,22.5804217,22.66064863,22.2866749,22.54771206,22.62218598,22.47842118,22.79194108,22.93988154,22.50450777,22.49155908,22.85567064,22.23841506,22.53882407,23.77055468,23.19361704,22.27656091
Uruguay,URY,27.96538826,28.31051511,24.78484162,21.10099751,18.87835264,19.6946507,19.26387094,14.88260213,14.17131312,13.42543265,12.5186631,12.67439435,13.08012991,14.87090944,14.90260843,14.85246711,14.54339075,13.73514408,14.94688285,14.81860071,13.52832362,12.73340431,12.17315682,11.26622779,12.14330217,13.24266133,10.98677488,10.27325273,11.07972843,10.57869922,9.676286363,10.23064202,10.08376717,9.45742196
United States,USA,,,,,,,,16.08718198,15.77432735,15.4590709,15.11506909,13.91931042,13.45288374,13.3165025,13.17417806,12.9833217,12.99072638,12.76975564,12.21672682,11.69878793,11.90607991,11.94724386,11.85756226,11.77191284,11.61744204,11.60558074,11.15810293,11.18149073,11.28024941,10.98588731,10.49822548,10.58374291,,
Uzbekistan,UZB,,,,,,,,,,,,,,,,,,,,,10.18113597,10.245089,10.53536906,11.61452326,12.6883575,12.80946893,13.65402063,13.81578597,15.91434519,17.54269108,19.16436994,19.57183518,19.56601136,19.48625589
St. Vincent and the Grenadines,VCT,6.953882186,7.383291669,8.00820808,7.718975978,7.635512105,6.94076557,6.898169873,6.550725255,5.754532748,5.190816539,5.214580966,5.809544169,4.880245632,4.867361966,4.971488092,5.108182898,4.365746621,4.919404104,4.285734217,4.686871228,4.908993598,4.375576145,4.182294246,4.292648384,4.685240436,4.794933371,4.991312733,4.953245192,4.87835523,4.04909173,3.703230205,3.451365387,3.390648891,3.13123241
"Venezuela, RB",VEN,14.24138789,14.72539845,14.15467763,13.87340589,13.55817268,13.78534624,12.42688538,21.1279143,19.0279313,17.69549041,18.52902992,16.98932795,16.43859487,17.11812259,16.45775144,15.07806447,13.90856953,13.33672421,12.83958618,13.62486832,11.89951988,11.64524006,11.7676049,11.5143021,12.07335643,,,,,,,,,
British Virgin Islands,VGB,,,,,,,,,,,,,,,,,,,,,,,,,,,,,,,,,,
Virgin Islands (U.S.),VIR,,,,,,,,,,,,,,,,,,,,,,,,,,,,,,,,,,
Viet Nam,VNM,,,,,,,,,,,,,,,,18.82328356,19.38072563,19.3804145,18.57965765,18.30103546,17.13057057,18.69414554,20.27409248,20.68745369,20.37122923,20.96009168,21.4882532,22.62712397,23.36716792,23.7867165,23.94724304,24.4593727,24.57957346,23.8827678
Vanuatu,VUT,4.866204664,4.749833222,4.352777426,4.102395799,4.359652992,4.346581762,4.410958904,4.0751756,4.406972225,4.46622149,4.513768329,4.495731057,4.204853227,4.104098894,4.034017107,3.798553815,3.612351114,3.109758403,2.557506306,2.94354775,4.987999261,4.333502649,3.758769018,3.41460693,3.496065093,2.834653577,2.508647455,2.903392385,2.776564919,,,,,
World,WLD,,,,,,,,19.02155363,18.63750365,18.44739461,18.28411898,17.20707567,16.76791597,16.60193817,16.46555533,16.261118,16.22561424,16.19296986,15.9381914,15.38131584,15.8916504,15.9575752,15.93955683,15.78839427,15.92179613,16.39022101,16.20661752,16.26412506,16.3738776,15.9676927,15.95253806,16.48446671,15.83373111,15.34787541
Samoa,WSM,,,,,25.3434132,24.9739609,23.93739968,21.46325483,17.95339815,18.61492807,19.10265457,20.09630195,20.74489612,21.82751382,21.73873157,19.72755973,18.70271875,16.94592872,16.49223668,10.65596258,8.151733297,7.57857171,8.139214551,7.680412603,6.89993047,6.443929145,6.255926195,6.19206875,4.728204974,4.540111648,3.950283485,4.874292299,4.917229646,5.121626078
Kosovo,XKX,,,,,,,,,,,,,,,,,,,14.04175544,14.87549582,13.77262161,13.11959163,13.25279732,13.51216998,13.47106484,13.264168,13.05525294,12.78484426,13.12748622,12.86269666,13.35206942,12.89153197,12.78139493,12.7693928
"Yemen, Rep.",YEM,,,,,,,,,,,,,,,,,,,,,,,,,,,,,,,,,,
South Africa,ZAF,23.74351096,23.1384261,22.30501454,21.38709412,21.01598175,21.24672967,20.26728629,19.91348664,19.32781307,18.52612948,18.96826643,19.03695787,19.0721823,18.50211188,17.98981452,17.37057973,15.59552455,15.44192483,15.60869108,14.50780436,13.85957361,12.86177002,12.48259185,12.36677578,12.48071139,12.51794447,12.48364435,12.5127045,12.45703328,12.40089127,11.755616,11.92234056,12.26695207,12.92013281
Zambia,ZMB,31.85689077,33.34588626,33.1916343,24.97607991,9.088726019,9.177594328,10.91561377,10.79494361,10.77369849,10.21141037,9.453296547,9.081867226,9.585879251,10.14813672,10.06523898,9.840460977,9.407918982,8.679804366,8.453968149,8.684927817,7.578283936,7.51615953,7.075813251,6.023734529,6.819983359,7.522311308,7.68612523,8.127238236,6.84776648,6.788930097,7.70383075,8.668314753,7.996352899,8.30055054
Zimbabwe,ZWE,20.48478539,24.09614198,26.89869922,21.02116159,19.05482699,19.26422236,16.68575983,15.87867672,14.41609473,13.20135565,13.38798171,13.14537155,11.87174048,12.16673996,13.94948538,15.12284892,16.01318835,16.09742314,16.33451644,11.03051314,9.208112851,9.172401152,14.04340216,12.91905671,12.5907647,11.88859922,11.59601989,11.01700859,13.678137,14.22235974,15.69656645,12.44293387,21.48686149,13.80822632